-- phpMyAdmin SQL Dump
-- version 4.5.4.1deb2ubuntu2
-- http://www.phpmyadmin.net
--
-- Host: localhost
-- Generation Time: Nov 13, 2017 at 04:57 PM
-- Server version: 5.7.19-0ubuntu0.16.04.1
-- PHP Version: 7.0.24-1+ubuntu16.04.1+deb.sury.org+1

SET SQL_MODE = "NO_AUTO_VALUE_ON_ZERO";
SET time_zone = "+00:00";


/*!40101 SET @OLD_CHARACTER_SET_CLIENT=@@CHARACTER_SET_CLIENT */;
/*!40101 SET @OLD_CHARACTER_SET_RESULTS=@@CHARACTER_SET_RESULTS */;
/*!40101 SET @OLD_COLLATION_CONNECTION=@@COLLATION_CONNECTION */;
/*!40101 SET NAMES utf8mb4 */;

--
-- Database: `new`
--

-- --------------------------------------------------------

--
-- Table structure for table `migrations`
--

CREATE TABLE `migrations` (
  `id` int(10) UNSIGNED NOT NULL,
  `migration` varchar(255) COLLATE utf8mb4_unicode_ci NOT NULL,
  `batch` int(11) NOT NULL
) ENGINE=InnoDB DEFAULT CHARSET=utf8mb4 COLLATE=utf8mb4_unicode_ci;

--
-- Dumping data for table `migrations`
--

INSERT INTO `migrations` (`id`, `migration`, `batch`) VALUES
(1, '2017_10_22_044858_create_songs_table', 1),
(2, '2017_11_12_132238_create_products_table', 2),
(3, '2017_11_12_132248_create_reviews_table', 2);

-- --------------------------------------------------------

--
-- Table structure for table `products`
--

CREATE TABLE `products` (
  `id` int(10) UNSIGNED NOT NULL,
  `name` varchar(255) COLLATE utf8mb4_unicode_ci NOT NULL,
  `detail` text COLLATE utf8mb4_unicode_ci NOT NULL,
  `price` int(11) NOT NULL,
  `stock` int(11) NOT NULL,
  `discount` int(11) NOT NULL,
  `created_at` timestamp NULL DEFAULT NULL,
  `updated_at` timestamp NULL DEFAULT NULL
) ENGINE=InnoDB DEFAULT CHARSET=utf8mb4 COLLATE=utf8mb4_unicode_ci;

--
-- Dumping data for table `products`
--

INSERT INTO `products` (`id`, `name`, `detail`, `price`, `stock`, `discount`, `created_at`, `updated_at`) VALUES
(1, 'sunt', 'Dicta eius et et. Vitae dolorem doloribus facilis maiores minima dolor est. Quo rerum natus unde voluptatem omnis iste.', 687, 8, 27, '2017-11-13 05:53:18', '2017-11-13 05:53:18'),
(2, 'ipsa', 'Impedit sunt consequatur ratione facere nobis eos. Aut eos alias quidem id blanditiis. Iure rerum omnis et omnis quaerat.', 218, 4, 20, '2017-11-13 05:53:18', '2017-11-13 05:53:18'),
(3, 'sed', 'Dolores illum ut eaque quibusdam aut sed incidunt et. Perferendis veritatis qui accusantium veniam non dolores. Labore nemo consequuntur praesentium.', 162, 4, 19, '2017-11-13 05:53:18', '2017-11-13 05:53:18'),
(4, 'excepturi', 'Dolores fugit quae nisi esse aut aut mollitia. Fugit sit sequi perferendis soluta aut. Et et quis ducimus dolor quia itaque aut voluptas. Aperiam a eveniet qui harum sit alias.', 655, 6, 22, '2017-11-13 05:53:18', '2017-11-13 05:53:18'),
(5, 'et', 'Et incidunt magni qui. Aliquam nostrum quis aut est eveniet error recusandae.', 493, 6, 11, '2017-11-13 05:53:18', '2017-11-13 05:53:18'),
(6, 'qui', 'Qui quam ipsam voluptate sed quia consequuntur sit deserunt. Rem ipsum voluptatem minima eos qui. Id unde ratione repudiandae voluptatibus assumenda tenetur repellendus perferendis.', 298, 3, 28, '2017-11-13 05:53:18', '2017-11-13 05:53:18'),
(7, 'eaque', 'Sed dolores nulla nesciunt debitis corporis facere consequatur. Tenetur omnis itaque distinctio quo.', 724, 0, 5, '2017-11-13 05:53:18', '2017-11-13 05:53:18'),
(8, 'porro', 'Voluptate commodi veritatis accusamus porro non. Consequatur vitae ut quidem adipisci beatae quasi. Consequatur omnis odit assumenda iusto harum laborum.', 203, 8, 23, '2017-11-13 05:53:18', '2017-11-13 05:53:18'),
(9, 'rem', 'Beatae aut omnis dolorem deleniti culpa. Ut doloremque magni id non impedit inventore aut. Voluptate eaque illo ad velit ut nulla. Sit aperiam et cum unde quia id.', 109, 5, 18, '2017-11-13 05:53:18', '2017-11-13 05:53:18'),
(10, 'occaecati', 'Ducimus enim sed sit. Et eum aut et dolorem quae illo aliquid in. Nihil sed saepe aut odit. Minus eos aut commodi vitae earum voluptas. In quis et quod minima nihil.', 472, 9, 12, '2017-11-13 05:53:18', '2017-11-13 05:53:18'),
(11, 'consequatur', 'Et voluptatem sint sed. Quae et consequatur libero a quibusdam. Dignissimos qui dignissimos cupiditate.', 877, 3, 11, '2017-11-13 05:53:18', '2017-11-13 05:53:18'),
(12, 'voluptas', 'Necessitatibus quia consequatur aut corrupti. Sapiente deleniti voluptas similique aut reprehenderit. Quas quos nemo cum temporibus est et natus. Velit earum velit aut ex alias quo sed temporibus.', 210, 2, 28, '2017-11-13 05:53:18', '2017-11-13 05:53:18'),
(13, 'ex', 'Ut et et expedita ut. Tenetur molestiae quae quos error voluptas. Ratione enim nemo tenetur ipsum iusto vitae alias autem.', 262, 2, 8, '2017-11-13 05:53:18', '2017-11-13 05:53:18'),
(14, 'corrupti', 'Optio reiciendis dolorum ea ipsa totam quia voluptas. Dolores blanditiis earum praesentium iusto eveniet. Blanditiis odit numquam ea dicta et perspiciatis voluptates.', 927, 0, 18, '2017-11-13 05:53:19', '2017-11-13 05:53:19'),
(15, 'est', 'Quas at eligendi quo laborum. Sit qui voluptates quae magni sed ullam quis ea. Tempora tempore ullam ullam quisquam. Sunt accusantium quia quisquam laborum unde.', 552, 6, 8, '2017-11-13 05:53:19', '2017-11-13 05:53:19'),
(16, 'et', 'Blanditiis et voluptatem quae tempore ea repudiandae ut quia. Deleniti dolorum iste perferendis quia rem. Quaerat cupiditate tenetur officiis saepe cumque modi saepe. Qui consectetur sit voluptate placeat distinctio consectetur beatae quia.', 680, 9, 14, '2017-11-13 05:53:19', '2017-11-13 05:53:19'),
(17, 'et', 'Laudantium nemo ea et distinctio soluta ullam. Laudantium libero amet ipsam eveniet veniam libero nesciunt beatae.', 949, 1, 23, '2017-11-13 05:53:19', '2017-11-13 05:53:19'),
(18, 'saepe', 'Occaecati facere sit ut quasi nobis et. Ea quia voluptatem ratione sit blanditiis praesentium omnis. Et ut fugiat nobis quis minus corporis sit vitae. Autem et voluptas et culpa numquam et.', 418, 1, 5, '2017-11-13 05:53:19', '2017-11-13 05:53:19'),
(19, 'perspiciatis', 'Rerum odit explicabo dolor. Quasi deserunt et porro vel enim quas. Libero blanditiis ut aut voluptatibus. Voluptatibus nulla modi ea nam et.', 502, 6, 13, '2017-11-13 05:53:19', '2017-11-13 05:53:19'),
(20, 'laboriosam', 'Sint dolores officia repellat. Error minus saepe quo velit consequatur repellat. Molestiae odit nostrum sunt labore vel nihil. Doloribus quidem rem at omnis.', 978, 6, 19, '2017-11-13 05:53:19', '2017-11-13 05:53:19'),
(21, 'ullam', 'In quaerat sapiente blanditiis ut. Dignissimos maiores dolorem adipisci nisi.', 212, 4, 5, '2017-11-13 05:53:19', '2017-11-13 05:53:19'),
(22, 'nihil', 'Mollitia quia maxime quia eos ad rerum maiores. Nihil dolorem aut doloribus porro dolor accusantium. Voluptates velit molestiae consequatur minus.', 530, 1, 10, '2017-11-13 05:53:19', '2017-11-13 05:53:19'),
(23, 'nulla', 'Voluptatem aut ea nihil laboriosam. Ut id placeat voluptate qui aspernatur quia. Est eaque aut ab qui doloremque vel et. Ipsa excepturi voluptatum fuga et asperiores quia optio exercitationem.', 593, 7, 7, '2017-11-13 05:53:19', '2017-11-13 05:53:19'),
(24, 'quia', 'Dolorum delectus iure doloribus vel est. Deleniti aut vel itaque sit. Omnis illum veniam dolore occaecati ducimus voluptatibus.', 271, 1, 2, '2017-11-13 05:53:19', '2017-11-13 05:53:19'),
(25, 'qui', 'Aspernatur aspernatur et eos et. Natus inventore distinctio quia et. Quibusdam esse est mollitia adipisci ea. Sapiente fugit qui reiciendis excepturi explicabo.', 213, 4, 11, '2017-11-13 05:53:19', '2017-11-13 05:53:19'),
(26, 'placeat', 'Sequi asperiores et dicta consequuntur. Eaque ipsum quibusdam dolorem harum. Et officia necessitatibus delectus voluptatem voluptas. Repellat voluptatibus assumenda aut repudiandae.', 645, 9, 2, '2017-11-13 05:53:19', '2017-11-13 05:53:19'),
(27, 'praesentium', 'Necessitatibus eum rerum eos neque adipisci. Officia et dignissimos eligendi rem ea saepe. Voluptatem odit et optio asperiores. Necessitatibus vel nihil incidunt animi ad.', 655, 2, 6, '2017-11-13 05:53:19', '2017-11-13 05:53:19'),
(28, 'aperiam', 'Est aliquid eius ipsa ullam fuga est aut sed. Sunt commodi voluptas delectus non occaecati vero. Labore modi possimus quos laboriosam alias ex expedita eum.', 565, 0, 6, '2017-11-13 05:53:19', '2017-11-13 05:53:19'),
(29, 'et', 'Quidem eum ipsa perferendis ut et debitis accusantium. Quidem omnis doloremque voluptatem molestiae et et vero. Sed doloremque doloribus doloremque iusto consequatur.', 556, 1, 16, '2017-11-13 05:53:19', '2017-11-13 05:53:19'),
(30, 'architecto', 'Et et labore ipsa et natus minus in. Nihil quos numquam architecto aliquam. Cupiditate id voluptatem nemo maiores enim sint.', 312, 9, 19, '2017-11-13 05:53:19', '2017-11-13 05:53:19'),
(31, 'ut', 'Suscipit est quia debitis quisquam nobis quo ad. Ut quia quos alias et quam perspiciatis ullam. Necessitatibus nulla rerum ipsam consequatur eveniet rerum. Qui ab rerum deleniti dolor labore.', 496, 2, 25, '2017-11-13 05:53:19', '2017-11-13 05:53:19'),
(32, 'incidunt', 'Aut voluptas necessitatibus voluptatem. Et natus vel nobis. Sequi totam officiis amet error error. Earum eos qui corporis molestiae et eos voluptatem.', 888, 9, 10, '2017-11-13 05:53:20', '2017-11-13 05:53:20'),
(33, 'cupiditate', 'Et hic modi ipsa totam. Beatae perferendis maiores nisi praesentium sed maxime qui. Dolores voluptate rerum fugiat sint.', 353, 0, 21, '2017-11-13 05:53:20', '2017-11-13 05:53:20'),
(34, 'placeat', 'Quam repellendus illo aut. Libero omnis aut officiis quam quo nam. Voluptas architecto ad impedit id. A facere consectetur dolore non itaque quia repellat.', 350, 2, 11, '2017-11-13 05:53:20', '2017-11-13 05:53:20'),
(35, 'libero', 'Eum et est vero voluptatem cum pariatur. Et ea ipsam qui dolor. Fuga sit iusto debitis placeat harum pariatur.', 754, 9, 8, '2017-11-13 05:53:20', '2017-11-13 05:53:20'),
(36, 'incidunt', 'Porro et voluptates vitae nemo occaecati ipsam iure nemo. Impedit assumenda sapiente quos eum aut quia nostrum. Consequatur voluptatem quasi eum. Saepe dolorem necessitatibus repellat sequi non aut.', 623, 5, 6, '2017-11-13 05:53:20', '2017-11-13 05:53:20'),
(37, 'aperiam', 'Consectetur voluptatem qui error. Hic repellat neque molestiae sapiente laboriosam sit suscipit. Et provident fugiat et odit ex voluptatibus. Molestiae soluta repudiandae perferendis quis molestias voluptates.', 522, 8, 28, '2017-11-13 05:53:20', '2017-11-13 05:53:20'),
(38, 'ratione', 'Pariatur error necessitatibus qui unde aut. Veniam vel doloremque ratione.', 601, 1, 21, '2017-11-13 05:53:20', '2017-11-13 05:53:20'),
(39, 'consequatur', 'Ipsa fuga inventore vitae aut exercitationem. Impedit accusamus ducimus ut neque error. Pariatur autem quibusdam officiis sit repellat. Est sit quia doloremque ipsum.', 120, 0, 29, '2017-11-13 05:53:20', '2017-11-13 05:53:20'),
(40, 'aut', 'Dolorum sunt dolores voluptatem deleniti tempora. Occaecati velit qui voluptatem laborum odio. Odit corporis recusandae autem quo exercitationem atque nulla. Sint in ratione ducimus voluptatum exercitationem.', 699, 8, 26, '2017-11-13 05:53:20', '2017-11-13 05:53:20'),
(41, 'rerum', 'Maiores ducimus est vel aut sit consequatur impedit. Amet vel neque quia incidunt totam ipsa. Minus quae est placeat nesciunt dignissimos sit.', 732, 4, 12, '2017-11-13 05:53:20', '2017-11-13 05:53:20'),
(42, 'ullam', 'Sint molestiae veniam eaque. Vel dignissimos harum et expedita quasi dolor commodi. Minima quisquam quia enim enim consequatur rem voluptas.', 634, 1, 26, '2017-11-13 05:53:20', '2017-11-13 05:53:20'),
(43, 'consequatur', 'Et perferendis neque ullam eligendi quo suscipit tempora. Eum impedit non expedita saepe et aut rerum ut. Odit id dolorem rerum sit sed. Totam ut ut aliquid sint consectetur vel culpa id.', 115, 3, 9, '2017-11-13 05:53:20', '2017-11-13 05:53:20'),
(44, 'dolorem', 'Non soluta id qui dolorem similique recusandae porro. Non omnis alias qui.', 608, 5, 21, '2017-11-13 05:53:20', '2017-11-13 05:53:20'),
(45, 'sint', 'Itaque aliquam soluta ut non eos. Hic magnam quia illum et. Dolores perspiciatis laudantium nam adipisci qui aut.', 637, 6, 15, '2017-11-13 05:53:20', '2017-11-13 05:53:20'),
(46, 'ratione', 'Voluptas perspiciatis et commodi. Facere sit sed eos est dicta quae. Odio quis recusandae nisi minus commodi exercitationem hic voluptas. Vero quis animi aperiam necessitatibus molestiae.', 750, 4, 19, '2017-11-13 05:53:20', '2017-11-13 05:53:20'),
(47, 'aliquam', 'Qui in aliquid qui aut dolore doloribus officiis sed. Numquam adipisci minus commodi sequi quis consequatur in nostrum. Ipsam rerum eaque placeat at. Fuga adipisci exercitationem molestiae aut occaecati rerum.', 478, 2, 5, '2017-11-13 05:53:20', '2017-11-13 05:53:20'),
(48, 'reprehenderit', 'Corporis accusamus reprehenderit facilis doloremque facilis natus. Et sed officia laborum minus aut commodi. Blanditiis commodi quidem doloribus eum officiis.', 860, 5, 9, '2017-11-13 05:53:20', '2017-11-13 05:53:20'),
(49, 'commodi', 'Facere quo tempore minus minus nam ullam repellat deserunt. Hic sint repudiandae aspernatur culpa.', 795, 3, 21, '2017-11-13 05:53:20', '2017-11-13 05:53:20'),
(50, 'labore', 'Quam ut qui sit unde deleniti eveniet quos quia. Inventore recusandae ut saepe magni sit id atque. Minima occaecati eos et sit deleniti ut. Aut molestias dignissimos officiis nesciunt et quaerat.', 676, 6, 5, '2017-11-13 05:53:21', '2017-11-13 05:53:21');

-- --------------------------------------------------------

--
-- Table structure for table `reviews`
--

CREATE TABLE `reviews` (
  `id` int(10) UNSIGNED NOT NULL,
  `product_id` int(10) UNSIGNED NOT NULL,
  `customer` varchar(255) COLLATE utf8mb4_unicode_ci NOT NULL,
  `review` text COLLATE utf8mb4_unicode_ci NOT NULL,
  `star` int(11) NOT NULL,
  `created_at` timestamp NULL DEFAULT NULL,
  `updated_at` timestamp NULL DEFAULT NULL
) ENGINE=InnoDB DEFAULT CHARSET=utf8mb4 COLLATE=utf8mb4_unicode_ci;

--
-- Dumping data for table `reviews`
--

INSERT INTO `reviews` (`id`, `product_id`, `customer`, `review`, `star`, `created_at`, `updated_at`) VALUES
(1, 31, 'Caden Ruecker', 'Qui praesentium nobis alias qui consequatur. Soluta omnis quo fugiat non. Cupiditate saepe sed doloremque explicabo. Suscipit illo et dolorum non unde et.', 4, '2017-11-13 05:53:21', '2017-11-13 05:53:21'),
(2, 33, 'Preston Emmerich', 'Et non neque aut libero ut hic veritatis. Dolorum pariatur qui culpa. Et optio laudantium ratione quia quo.', 4, '2017-11-13 05:53:21', '2017-11-13 05:53:21'),
(3, 7, 'Dolly Botsford', 'Saepe id sint earum excepturi voluptatem et modi repudiandae. Quidem rerum provident nihil cum quis molestias. Velit illum eveniet sed minima.', 1, '2017-11-13 05:53:21', '2017-11-13 05:53:21'),
(4, 8, 'Gus Morissette PhD', 'Quia nostrum eos dignissimos omnis temporibus nostrum ipsa. Dolor similique iure odio minima aut maiores. Voluptatem quaerat temporibus placeat qui.', 5, '2017-11-13 05:53:21', '2017-11-13 05:53:21'),
(5, 48, 'Chelsie Bartell', 'Voluptatem impedit distinctio laboriosam eveniet deserunt nostrum. Aut vero qui animi ipsam repellat perspiciatis. Reiciendis deserunt voluptate ut molestiae assumenda. Incidunt aut consectetur est et.', 5, '2017-11-13 05:53:21', '2017-11-13 05:53:21'),
(6, 48, 'Kody Von', 'Molestiae enim labore aliquam facilis doloribus. Eveniet repudiandae velit a cum et voluptatem ad. Sunt possimus debitis enim architecto consequatur et ratione.', 5, '2017-11-13 05:53:21', '2017-11-13 05:53:21'),
(7, 9, 'Edwardo Eichmann Jr.', 'Consequatur aut maxime voluptatum et. Placeat atque a libero exercitationem asperiores ipsa. Magnam ea rerum veniam.', 0, '2017-11-13 05:53:21', '2017-11-13 05:53:21'),
(8, 36, 'Tomasa Dietrich', 'Suscipit quidem et et suscipit. Molestias delectus voluptatem maiores quia nulla dolor. Error aut quisquam temporibus voluptatem. Repellat dicta eveniet voluptatem.', 1, '2017-11-13 05:53:21', '2017-11-13 05:53:21'),
(9, 23, 'Dortha Stark', 'Quia doloremque numquam voluptatem deleniti aut vero molestiae. Dignissimos explicabo architecto ex ullam. Nam reprehenderit tempore et nihil repudiandae odio porro error.', 4, '2017-11-13 05:53:21', '2017-11-13 05:53:21'),
(10, 49, 'Alda Heller', 'Sed pariatur vel autem neque in odit. Magnam aut voluptatem omnis explicabo saepe. Sint ratione sequi et consequuntur ad voluptatum delectus. Temporibus in ipsa omnis est iure expedita quibusdam.', 0, '2017-11-13 05:53:21', '2017-11-13 05:53:21'),
(11, 34, 'Ms. Cassidy Hand', 'Ullam qui ut reprehenderit consequatur quisquam rem eius. Unde dolor id blanditiis id. Eligendi perferendis doloribus aut velit. Omnis dolorem autem laborum harum eius.', 1, '2017-11-13 05:53:22', '2017-11-13 05:53:22'),
(12, 39, 'Marianna Stanton', 'Voluptas numquam voluptatibus rerum voluptas maiores ipsam mollitia. Optio et velit repellendus quas. Officiis laboriosam reprehenderit qui est sint et quasi qui. Tempore facere expedita magnam sit ad reiciendis quod.', 3, '2017-11-13 05:53:22', '2017-11-13 05:53:22'),
(13, 15, 'Jevon McClure', 'Voluptatibus beatae totam deserunt et reiciendis id veritatis. Quo consequatur et voluptatem tempora quibusdam numquam qui occaecati. Voluptatem velit quibusdam hic quam qui dicta error. Rerum sit autem est sed dolor sint beatae accusantium.', 2, '2017-11-13 05:53:22', '2017-11-13 05:53:22'),
(14, 9, 'Lucinda Frami', 'Ut omnis velit facilis est. Amet veritatis omnis ratione culpa molestiae. Necessitatibus et quos eos inventore corporis sed.', 4, '2017-11-13 05:53:22', '2017-11-13 05:53:22'),
(15, 20, 'Dr. Carol Vandervort', 'Quaerat omnis velit consectetur est omnis. Sunt sint incidunt non ut quisquam quod. Eos autem maxime laborum at perferendis dolorem. Id expedita optio dolores.', 2, '2017-11-13 05:53:22', '2017-11-13 05:53:22'),
(16, 22, 'Alphonso Satterfield', 'Non nulla in aut est. Tenetur ut autem consequatur alias. Culpa consequuntur omnis eum quasi. Sit reprehenderit aut quaerat corrupti nostrum aut ut. Aliquam laudantium et natus ab voluptatem iure.', 0, '2017-11-13 05:53:22', '2017-11-13 05:53:22'),
(17, 36, 'Prof. Trisha Deckow MD', 'Nam quia sed voluptate pariatur fugiat laudantium aliquam. Repudiandae ut eos dolores facere consequatur eligendi molestiae facere. Harum voluptate architecto temporibus necessitatibus corrupti quia sed cumque.', 5, '2017-11-13 05:53:22', '2017-11-13 05:53:22'),
(18, 23, 'Daryl O\'Reilly', 'Ipsam illum blanditiis excepturi eaque maiores enim. Sequi dolorum fugiat reprehenderit vitae aliquam est. Illum eos ea quisquam possimus neque. Voluptatibus ut ut voluptatem inventore.', 1, '2017-11-13 05:53:22', '2017-11-13 05:53:22'),
(19, 5, 'Alberto Kuhic', 'Qui maxime animi et facere nesciunt dicta. Illo aut accusamus voluptatibus repudiandae omnis eaque. Iusto qui vel eos eaque adipisci est voluptatum.', 3, '2017-11-13 05:53:22', '2017-11-13 05:53:22'),
(20, 9, 'Mrs. Stephanie Swift', 'Explicabo nobis consequatur ullam incidunt fugiat iste. Et et exercitationem ipsa accusamus sed autem ullam. Qui quia maxime amet ab maxime deleniti non qui.', 1, '2017-11-13 05:53:22', '2017-11-13 05:53:22'),
(21, 41, 'Gerardo Larson', 'Possimus ut aut velit praesentium a. Ut itaque exercitationem exercitationem dolorum non. Nesciunt pariatur ducimus quo ipsam nulla. Dolores magnam dolor aut dolorem.', 4, '2017-11-13 05:53:22', '2017-11-13 05:53:22'),
(22, 10, 'Josefa Ebert', 'Ut consequatur illum delectus ipsam quis dolor consequatur. Iusto laboriosam omnis suscipit delectus eligendi.', 2, '2017-11-13 05:53:22', '2017-11-13 05:53:22'),
(23, 50, 'Dr. Dell Kreiger', 'Voluptatem earum perspiciatis sequi impedit tempore. Facere neque error fugit voluptatem voluptatibus fugit dolores. Dolore non est nulla aspernatur est hic itaque. Laboriosam incidunt rerum molestiae dolor totam repellendus inventore. Alias sint corrupti aut.', 3, '2017-11-13 05:53:22', '2017-11-13 05:53:22'),
(24, 40, 'Camille Stehr', 'Nesciunt vero modi eos blanditiis eius aliquid. Aliquid natus dolores eveniet quidem sint voluptatum optio qui.', 5, '2017-11-13 05:53:22', '2017-11-13 05:53:22'),
(25, 50, 'Dr. Ellie Hills II', 'Fugiat et quisquam quia occaecati facilis debitis cumque. Quaerat aut necessitatibus rerum asperiores ipsum molestiae. Temporibus mollitia impedit facere repellat nesciunt laborum. Et consequatur voluptates error dolorum iste id.', 0, '2017-11-13 05:53:22', '2017-11-13 05:53:22'),
(26, 16, 'Maxwell Tromp', 'Expedita libero corrupti dolores numquam minus. Doloremque error sit voluptatem ut laudantium deserunt earum. Veritatis quia error qui sed voluptas incidunt. Aut ullam recusandae vel consectetur quia deserunt.', 5, '2017-11-13 05:53:22', '2017-11-13 05:53:22'),
(27, 48, 'Amalia Fisher', 'Sunt et fugiat ipsam. Voluptas est hic culpa corporis qui omnis. Debitis magni fugiat qui animi.', 2, '2017-11-13 05:53:22', '2017-11-13 05:53:22'),
(28, 11, 'Garnett Stokes', 'Quis sint minus eligendi quis libero et aliquid. At quaerat corrupti quia odio et occaecati asperiores fugit. Sapiente aut omnis error autem facere consequatur. Reiciendis aliquam qui veniam.', 3, '2017-11-13 05:53:22', '2017-11-13 05:53:22'),
(29, 21, 'Nathanael Beer', 'Minus culpa aut numquam. Beatae optio officia quibusdam sapiente dolorem sint nam.', 3, '2017-11-13 05:53:23', '2017-11-13 05:53:23'),
(30, 40, 'Dr. Garrett Lowe', 'Eaque excepturi quasi libero. Fuga perspiciatis et culpa delectus quas voluptas impedit. Ad quia perspiciatis vero facilis. Sunt tempore ipsum alias autem voluptatem amet.', 2, '2017-11-13 05:53:23', '2017-11-13 05:53:23'),
(31, 48, 'Rosalee Carroll V', 'Asperiores saepe maxime optio natus numquam quidem. Aspernatur aut maiores quia est. Iste quia dolorem vel possimus ea assumenda ex.', 5, '2017-11-13 05:53:23', '2017-11-13 05:53:23'),
(32, 1, 'Prof. Buford Greenholt', 'Et quidem dolore velit veniam asperiores accusantium. Dolor molestiae aut in dolorum. Sed illo quis consectetur illum eaque.', 2, '2017-11-13 05:53:23', '2017-11-13 05:53:23'),
(33, 40, 'Moriah Tillman V', 'Expedita consectetur suscipit est fugiat vero. Est sapiente exercitationem vero eos. Soluta et iste consequuntur delectus aspernatur temporibus vitae.', 3, '2017-11-13 05:53:23', '2017-11-13 05:53:23'),
(34, 4, 'Mr. German Turner DDS', 'Sequi qui error labore nemo aut a modi. Mollitia voluptas et et voluptas. Sit fugit voluptatem nobis atque aut minus.', 0, '2017-11-13 05:53:23', '2017-11-13 05:53:23'),
(35, 16, 'Bailey Dooley', 'Eos ut distinctio dolorem rerum. Qui possimus qui laudantium et et deleniti soluta.', 4, '2017-11-13 05:53:23', '2017-11-13 05:53:23'),
(36, 2, 'Allan Hackett', 'Asperiores non praesentium dolores beatae. Magni est nobis libero molestiae dolor aut. At quidem aut qui facere. Provident ullam ad eveniet eaque eaque illum.', 1, '2017-11-13 05:53:23', '2017-11-13 05:53:23'),
(37, 5, 'Retha Bednar', 'Minus eum qui enim corrupti a. Qui perferendis magnam sit sint quo atque ut. Debitis illum dolorem delectus qui distinctio fuga ut. Repellendus nemo eum et minus.', 4, '2017-11-13 05:53:23', '2017-11-13 05:53:23'),
(38, 17, 'Domenick Doyle', 'Magni harum assumenda ut eveniet maxime quia cum aliquid. Voluptates voluptatem dolorem eligendi inventore cumque sunt impedit. Ad dolor dolores perferendis fuga id fuga. Aut similique et sit eius ducimus magni veritatis.', 5, '2017-11-13 05:53:23', '2017-11-13 05:53:23'),
(39, 35, 'Branson Marks', 'Quo omnis iure porro et ut ab sed. Consequuntur provident maiores quo ipsa molestiae. Laborum blanditiis quidem dolorem. Id eius aperiam numquam reprehenderit dolorum rerum.', 5, '2017-11-13 05:53:23', '2017-11-13 05:53:23'),
(40, 14, 'Thelma Hermiston', 'Nihil ea quis veniam quia sequi quis. Dignissimos qui voluptatum totam inventore. Exercitationem cupiditate mollitia iste odio inventore velit eum. Quidem quaerat quos velit excepturi ullam exercitationem illum non. Cumque fugiat cupiditate nam et sed commodi.', 2, '2017-11-13 05:53:23', '2017-11-13 05:53:23'),
(41, 23, 'Roman Lehner', 'Voluptatem et rerum nesciunt iste minima vel laboriosam. Voluptas maiores nulla quo quis. Rerum et corrupti et autem doloremque velit. Quibusdam sint magnam magnam.', 1, '2017-11-13 05:53:23', '2017-11-13 05:53:23'),
(42, 17, 'Jakob Marks Sr.', 'Consequatur temporibus eos illum inventore aliquam eos. Asperiores accusamus officiis delectus architecto sequi sit autem. Fugit earum quibusdam accusantium aliquam voluptatem quisquam quae.', 5, '2017-11-13 05:53:23', '2017-11-13 05:53:23'),
(43, 36, 'Mrs. Corine Mayert III', 'Aut deleniti et accusantium et. Dolor et repudiandae nobis harum. Distinctio quae saepe ratione similique veniam.', 1, '2017-11-13 05:53:23', '2017-11-13 05:53:23'),
(44, 11, 'Augusta Gaylord', 'Commodi quibusdam suscipit id animi atque sed deserunt. Iure modi eum aut harum voluptates placeat. Omnis voluptatem et perferendis voluptas est. Rem sunt itaque cupiditate aliquam laboriosam in. Quidem similique temporibus vel blanditiis.', 3, '2017-11-13 05:53:23', '2017-11-13 05:53:23'),
(45, 45, 'Doyle Abernathy', 'Soluta autem id sed. Suscipit at nesciunt quasi. Sunt commodi nobis optio ad dolorem in autem.', 4, '2017-11-13 05:53:23', '2017-11-13 05:53:23'),
(46, 28, 'Cameron Morar II', 'Consequuntur consequatur quidem ullam et ut. Sit dolores quis et et cumque. Nihil fuga exercitationem delectus impedit facilis. Quae sed asperiores tenetur suscipit ut.', 4, '2017-11-13 05:53:23', '2017-11-13 05:53:23'),
(47, 8, 'Jed McKenzie', 'Minima numquam rerum autem atque voluptate. Sint est deserunt architecto sed deserunt repellat perferendis. Eveniet debitis et quia labore qui. Omnis sunt mollitia labore corrupti sapiente beatae.', 3, '2017-11-13 05:53:24', '2017-11-13 05:53:24'),
(48, 15, 'Kaela Batz MD', 'Cumque quas nobis aut culpa provident est qui. Necessitatibus laborum quasi necessitatibus doloremque quis rerum aut. Ut non nostrum quae voluptate aut quo eaque.', 1, '2017-11-13 05:53:24', '2017-11-13 05:53:24'),
(49, 21, 'Maximillian Homenick', 'Inventore reiciendis ex nemo numquam aliquam. Vero beatae error occaecati ea. In deserunt nam dolorem molestiae totam. Cumque dolorum vel magni nobis. Velit perspiciatis consequatur placeat nisi.', 2, '2017-11-13 05:53:24', '2017-11-13 05:53:24'),
(50, 13, 'Mr. Ramon McDermott', 'Asperiores adipisci debitis eos nesciunt ducimus. Architecto eos placeat assumenda culpa omnis facere vel.', 3, '2017-11-13 05:53:24', '2017-11-13 05:53:24'),
(51, 48, 'Davion Fadel', 'Necessitatibus aut ab porro quo. Deserunt error est quia magni doloribus.', 0, '2017-11-13 05:53:24', '2017-11-13 05:53:24'),
(52, 27, 'Maegan Lubowitz PhD', 'Inventore dolor omnis aliquid vero enim quo ut. Sit voluptate nulla animi. Fuga aspernatur reprehenderit fugiat repellendus animi. A sed ut facilis.', 3, '2017-11-13 05:53:24', '2017-11-13 05:53:24'),
(53, 44, 'German Paucek', 'Aut aspernatur et sint ut vel nulla. Ut dolorem sed quo sint minus repellat nobis ut. Rerum quia iure iusto enim qui minus officia.', 4, '2017-11-13 05:53:24', '2017-11-13 05:53:24'),
(54, 3, 'Karianne Braun', 'Porro rem et quibusdam qui enim sint ut. In adipisci eligendi voluptatem aut. Vel quia aperiam exercitationem in est odit.', 2, '2017-11-13 05:53:24', '2017-11-13 05:53:24'),
(55, 28, 'Mr. Haley Boyle', 'In error excepturi occaecati velit. Dolore non suscipit aliquid. Ut mollitia dicta doloribus.', 5, '2017-11-13 05:53:24', '2017-11-13 05:53:24'),
(56, 30, 'Dr. Kristina Kling', 'Itaque laudantium aut impedit neque. Explicabo asperiores reiciendis sunt eum voluptatem dignissimos. Dolores tempora sint repellat voluptate quia non.', 5, '2017-11-13 05:53:24', '2017-11-13 05:53:24'),
(57, 18, 'Davion Bednar', 'Autem odio magnam quam numquam eum et. Eius doloribus qui adipisci saepe. Expedita quia ipsa qui excepturi expedita. Sed corporis qui odit voluptate placeat impedit.', 0, '2017-11-13 05:53:24', '2017-11-13 05:53:24'),
(58, 13, 'Mario Buckridge DVM', 'Quisquam quis corrupti et animi incidunt eius. Rerum distinctio non distinctio et maiores. Repellendus sint ut deleniti reprehenderit corporis dignissimos illo distinctio.', 1, '2017-11-13 05:53:24', '2017-11-13 05:53:24'),
(59, 24, 'Earl Christiansen', 'Earum et facilis deleniti. Et recusandae hic fugiat velit et. Minima ducimus neque quia quia qui ipsa. Fuga dicta rem et necessitatibus et et quasi.', 5, '2017-11-13 05:53:24', '2017-11-13 05:53:24'),
(60, 42, 'Freida Bogan', 'Nemo odio occaecati iste sit voluptatem. Omnis omnis qui non at corporis dolorem. A nobis quis fugit sed ad.', 1, '2017-11-13 05:53:24', '2017-11-13 05:53:24'),
(61, 1, 'Myrl Keeling', 'Soluta eum et sed voluptate. Et voluptate molestiae culpa ab enim quaerat possimus. Nihil praesentium quia quis eveniet dolorum quod dolorum. Ut fuga distinctio facere.', 3, '2017-11-13 05:53:24', '2017-11-13 05:53:24'),
(62, 34, 'Trace Koelpin', 'Nisi voluptas quis maxime debitis aut. Vero voluptatibus est est veritatis. Sint eius qui voluptatem quia omnis et. Sunt ut rem quo. Maiores dolorem et voluptates iste consequatur.', 4, '2017-11-13 05:53:25', '2017-11-13 05:53:25'),
(63, 34, 'Vernice DuBuque', 'Aut quasi voluptatibus sit aut nisi vitae facere. Odio est eaque et eius et sint. Dolorem ducimus repudiandae quasi a distinctio. Soluta et provident est iste.', 2, '2017-11-13 05:53:25', '2017-11-13 05:53:25'),
(64, 22, 'Theo Schumm', 'Distinctio illum aspernatur consequatur at et quo. Iure ut distinctio quasi mollitia rerum ut. Et adipisci voluptates neque sapiente maxime magni. Quia eveniet maiores similique eligendi consequatur tempora ut.', 3, '2017-11-13 05:53:25', '2017-11-13 05:53:25'),
(65, 28, 'Dr. Citlalli Prosacco', 'Rerum est ea asperiores ipsa. Quidem inventore sed sed quis natus. Ducimus minima minima nihil non. Est perspiciatis blanditiis voluptatem impedit deleniti quia.', 0, '2017-11-13 05:53:25', '2017-11-13 05:53:25'),
(66, 7, 'Porter Gerlach', 'Officia rem eum ducimus in quisquam velit. Doloribus nesciunt voluptatum nesciunt et consequuntur commodi. Corporis cupiditate quae quia adipisci ea omnis doloremque sunt.', 3, '2017-11-13 05:53:25', '2017-11-13 05:53:25'),
(67, 48, 'Miss Kari Pfeffer', 'Nulla odio est voluptate. Hic expedita quas quos et ad deleniti aspernatur. Doloribus aut tempore et eius non eos. Quaerat dolorem qui consequatur assumenda.', 0, '2017-11-13 05:53:25', '2017-11-13 05:53:25'),
(68, 8, 'Florine Rippin', 'Qui eius sapiente omnis dolor praesentium. Asperiores amet pariatur id quod placeat asperiores. Nesciunt ut eius sequi quia reprehenderit ipsa laboriosam.', 4, '2017-11-13 05:53:25', '2017-11-13 05:53:25'),
(69, 11, 'Ms. Shanel Franecki', 'Voluptates ad dignissimos quia. Voluptas modi in qui possimus quia eius voluptatem.', 4, '2017-11-13 05:53:25', '2017-11-13 05:53:25'),
(70, 8, 'Ms. Eloisa Tremblay', 'Repudiandae libero quia voluptas quia deleniti. Quia est accusantium delectus. Earum velit dolore aliquam sed harum illum voluptas.', 4, '2017-11-13 05:53:25', '2017-11-13 05:53:25'),
(71, 10, 'Mr. Darrin Walter', 'Distinctio quia nostrum beatae aut. Optio est error ut impedit maiores et. Sint consequuntur eius magni aliquam ad recusandae aut aut. Et quisquam consequatur delectus quia facere laborum.', 3, '2017-11-13 05:53:25', '2017-11-13 05:53:25'),
(72, 39, 'Santa Mertz', 'Qui pariatur et rerum. Harum quo voluptatem autem totam saepe recusandae hic. Eos omnis nihil cupiditate et illo tempore.', 3, '2017-11-13 05:53:25', '2017-11-13 05:53:25'),
(73, 44, 'Halie Hills', 'Quod sed sed voluptatem. Consequatur quaerat at cupiditate sint. Qui et odio itaque dicta non.', 2, '2017-11-13 05:53:25', '2017-11-13 05:53:25'),
(74, 41, 'Mrs. Genesis Adams Sr.', 'Quia quam voluptatem nesciunt officia. Qui deserunt velit quo. Eaque ipsam natus quia consequatur molestias sequi aperiam harum.', 0, '2017-11-13 05:53:25', '2017-11-13 05:53:25'),
(75, 29, 'Jazmin Bartell Sr.', 'Ullam ut ipsa dolorum quia est. Laudantium voluptate quia necessitatibus quo libero non est. Deserunt placeat et provident dolores quibusdam quaerat.', 3, '2017-11-13 05:53:25', '2017-11-13 05:53:25'),
(76, 26, 'Ms. Clarissa Ebert Sr.', 'Rerum culpa nihil et. Ipsam sit recusandae ratione minima ut et. Quo voluptatem corporis quia quia voluptas sit. Architecto nemo debitis facilis architecto sed.', 1, '2017-11-13 05:53:25', '2017-11-13 05:53:25'),
(77, 32, 'Mr. Tom Breitenberg', 'Adipisci et modi deserunt quia qui facilis aliquid. Quam quo dolorum corporis voluptatibus qui necessitatibus. Explicabo est exercitationem ut ad aspernatur occaecati eos.', 3, '2017-11-13 05:53:25', '2017-11-13 05:53:25'),
(78, 37, 'Ned Quigley', 'Illo voluptatibus facilis est minus nihil unde saepe. Possimus similique exercitationem ea quasi similique. Ab officia eos blanditiis.', 1, '2017-11-13 05:53:25', '2017-11-13 05:53:25'),
(79, 34, 'Kade Bernhard Jr.', 'Provident hic repellendus fugit et et. Et sint et voluptas consequuntur dolorem. Distinctio quas est aspernatur cum.', 5, '2017-11-13 05:53:25', '2017-11-13 05:53:25'),
(80, 10, 'Princess Walter', 'Tempora dolor quis quidem eos. Nisi eveniet cupiditate voluptate non. Illum qui velit esse possimus nemo quis. Impedit est vitae non quia delectus vitae dolorem.', 3, '2017-11-13 05:53:26', '2017-11-13 05:53:26'),
(81, 10, 'Prof. Kaci Kuvalis', 'Iure perferendis et laudantium voluptas eaque harum. Voluptatem quia dolores consequatur et.', 4, '2017-11-13 05:53:26', '2017-11-13 05:53:26'),
(82, 50, 'Marcos Lang', 'Debitis exercitationem maxime eum quis odit. Facilis autem quidem ut facilis odit.', 3, '2017-11-13 05:53:26', '2017-11-13 05:53:26'),
(83, 43, 'Elouise Boyle', 'Sit mollitia incidunt veritatis beatae. Omnis sed debitis molestiae quidem voluptas corporis consequuntur commodi. Accusamus sed optio consequatur est dolorem tempore cupiditate molestias.', 3, '2017-11-13 05:53:26', '2017-11-13 05:53:26'),
(84, 29, 'Jalon Corwin', 'Qui aut ullam repellat impedit. Fugit et possimus itaque ea id. Occaecati fuga nostrum optio iusto. Est nihil et consequatur dolor minima.', 1, '2017-11-13 05:53:26', '2017-11-13 05:53:26'),
(85, 49, 'Florencio D\'Amore Jr.', 'Consequuntur repellendus voluptatem perferendis corporis. Veniam iusto qui ipsum a sit fugit modi. Vero dolores perferendis omnis vel id iste quae.', 5, '2017-11-13 05:53:26', '2017-11-13 05:53:26'),
(86, 29, 'Eulah Vandervort', 'Ea nostrum dignissimos cupiditate vero. Aliquam sapiente sapiente et facere accusamus. Tenetur voluptate iure animi ea ea rerum suscipit.', 2, '2017-11-13 05:53:26', '2017-11-13 05:53:26'),
(87, 1, 'Bethel Osinski III', 'Quasi optio accusantium et nam incidunt non labore. Officiis enim dolorem molestiae quibusdam.', 3, '2017-11-13 05:53:26', '2017-11-13 05:53:26'),
(88, 48, 'Harley Senger I', 'Et ut dolorem doloremque illo vitae impedit dolorum. Facilis impedit molestias ea itaque amet illum. Distinctio quo corrupti ut.', 4, '2017-11-13 05:53:26', '2017-11-13 05:53:26'),
(89, 28, 'Beulah Ferry', 'Dolorem debitis eligendi accusamus in. Quaerat tempora corrupti sint est. Perferendis qui quia quia laudantium voluptatum vero minima in. Maxime est nulla adipisci nemo quas consequuntur laboriosam.', 3, '2017-11-13 05:53:26', '2017-11-13 05:53:26'),
(90, 12, 'Fernando Hamill', 'Quo corporis esse cupiditate beatae. Nemo accusantium est dolorum odio voluptas. Enim rerum dicta nemo accusamus et aut optio et.', 2, '2017-11-13 05:53:26', '2017-11-13 05:53:26'),
(91, 18, 'Ms. Anjali Waters', 'Vel qui saepe autem ut non. Est officiis et dicta debitis quaerat quae reprehenderit non. Exercitationem minima sit dolor voluptatibus pariatur est ratione vero. Nemo qui qui aperiam beatae culpa ut.', 1, '2017-11-13 05:53:26', '2017-11-13 05:53:26'),
(92, 50, 'Dr. Ethel Jenkins', 'Quis quibusdam totam et. Beatae natus placeat et facilis qui. Quisquam nesciunt enim rerum repellat earum cumque. Suscipit cupiditate laudantium aut et.', 3, '2017-11-13 05:53:26', '2017-11-13 05:53:26'),
(93, 31, 'Dr. Anthony Kuhic V', 'Porro enim quis fugiat dolorum quas non illo. Cumque et officiis ipsa nesciunt.', 0, '2017-11-13 05:53:26', '2017-11-13 05:53:26'),
(94, 41, 'Theodora Stehr', 'Architecto voluptas sit id ut vel facere. Id nihil ut quis qui quia. Sequi et consectetur perferendis ea exercitationem alias maiores.', 1, '2017-11-13 05:53:26', '2017-11-13 05:53:26'),
(95, 49, 'Darrin Botsford', 'Accusamus deserunt eum accusantium dignissimos. Quo doloremque earum et vel. Delectus nostrum et pariatur quia eaque eveniet reprehenderit.', 5, '2017-11-13 05:53:27', '2017-11-13 05:53:27'),
(96, 26, 'Prof. Lessie Pfeffer', 'Aut quis dolore aut sed omnis ullam. Qui in nesciunt quisquam ea.', 3, '2017-11-13 05:53:27', '2017-11-13 05:53:27'),
(97, 41, 'Mrs. Kelli Hagenes', 'Modi et id animi adipisci fugit et cupiditate. Ullam dignissimos quam minima modi ut minima.', 3, '2017-11-13 05:53:27', '2017-11-13 05:53:27'),
(98, 18, 'Kaia Buckridge DDS', 'Reprehenderit omnis enim quasi laboriosam autem nobis. Nisi dicta veritatis quis mollitia dolor impedit nam. Facere exercitationem est est eligendi.', 3, '2017-11-13 05:53:27', '2017-11-13 05:53:27'),
(99, 11, 'Clare Durgan', 'Deserunt alias quo expedita dolores molestias quas dolores. Quas voluptate modi blanditiis quam. Reiciendis doloribus ut minima. A recusandae impedit accusantium consequatur quo distinctio.', 1, '2017-11-13 05:53:27', '2017-11-13 05:53:27'),
(100, 28, 'Sydni Collins', 'Soluta laudantium ea dicta et non. Illum provident quia natus itaque error animi autem. Veniam qui quis veniam. Et accusamus rerum aliquam.', 2, '2017-11-13 05:53:27', '2017-11-13 05:53:27'),
(101, 3, 'Mrs. Faye Mante', 'Excepturi id exercitationem voluptatem vel eius eos. Error facere at assumenda aut quaerat saepe. Asperiores aut et in dolor.', 1, '2017-11-13 05:53:27', '2017-11-13 05:53:27'),
(102, 36, 'Sylvia Bednar', 'Et nostrum esse vero. Placeat reiciendis repellat deleniti cum ratione deleniti fugiat. Commodi voluptatem a ut porro adipisci exercitationem.', 4, '2017-11-13 05:53:27', '2017-11-13 05:53:27'),
(103, 48, 'Odie Becker', 'Sed quam quod est molestias. Aliquam et vel enim quia quis qui ut. Minima fuga voluptates dolorum. Et accusantium laudantium ducimus id consequatur.', 1, '2017-11-13 05:53:27', '2017-11-13 05:53:27'),
(104, 15, 'Sierra Murphy', 'Temporibus facere et blanditiis asperiores inventore voluptates velit. Dolores facere ipsum voluptas est officiis. Amet nihil saepe ut qui sunt. Est dolores illum illo ducimus.', 2, '2017-11-13 05:53:27', '2017-11-13 05:53:27'),
(105, 39, 'Dr. Sallie Schmeler', 'Iure dolores voluptates eligendi deleniti. Ut quia dolor tempore eos velit totam. Impedit occaecati earum ut aspernatur qui adipisci enim. Nemo quia est eaque aperiam eum quia non. Aut tempore reprehenderit qui aut voluptates.', 0, '2017-11-13 05:53:27', '2017-11-13 05:53:27'),
(106, 3, 'Prof. Charley Ledner', 'Amet repellendus ipsum dolorem dicta. Eum dolore et adipisci neque. Deserunt voluptates eaque in error. Saepe sint aut possimus.', 2, '2017-11-13 05:53:27', '2017-11-13 05:53:27'),
(107, 47, 'Florencio Powlowski', 'Facilis facere iusto fugiat quo. Dolorem perspiciatis reprehenderit reiciendis perspiciatis dicta sint corporis. Accusantium voluptate vitae eveniet optio. Qui quam unde ut quae non sit.', 4, '2017-11-13 05:53:27', '2017-11-13 05:53:27'),
(108, 25, 'Maria O\'Kon', 'Adipisci dolores accusantium blanditiis quas eos accusantium dolore. Id aliquid non accusantium expedita.', 3, '2017-11-13 05:53:27', '2017-11-13 05:53:27'),
(109, 19, 'Brook Doyle I', 'Dignissimos dolorem id culpa tempora impedit et ad aliquid. Tenetur et modi voluptas magnam. Nemo laudantium qui vel dicta.', 3, '2017-11-13 05:53:27', '2017-11-13 05:53:27'),
(110, 30, 'Dr. Chandler Rolfson', 'Rerum praesentium totam aut a. Nam illum omnis inventore ea rerum cumque.', 2, '2017-11-13 05:53:27', '2017-11-13 05:53:27'),
(111, 11, 'Jake Hand', 'Voluptas ad unde ut eius qui. Dicta odit soluta laboriosam ipsam. Dolorum aut dolor voluptatibus aut eos dicta dolore.', 4, '2017-11-13 05:53:27', '2017-11-13 05:53:27'),
(112, 28, 'Dr. Henderson Walsh', 'Non dolor excepturi quis fugit est doloremque voluptatem atque. Sed sunt quis ea voluptates harum qui. Saepe et aliquam quia tempora. Quidem nisi recusandae sunt nisi.', 2, '2017-11-13 05:53:28', '2017-11-13 05:53:28'),
(113, 3, 'Santino Treutel V', 'Doloremque consequuntur dolores quis doloribus voluptas. Aliquid ab voluptate eos quia sint aut natus.', 2, '2017-11-13 05:53:28', '2017-11-13 05:53:28'),
(114, 29, 'Prof. Misty Dicki PhD', 'Qui et qui corrupti ipsam impedit. Quas odit est quidem incidunt vitae debitis hic. Expedita atque officia nobis nam est ut voluptates. Expedita et adipisci mollitia minima autem ut.', 1, '2017-11-13 05:53:28', '2017-11-13 05:53:28'),
(115, 42, 'Prof. Elijah Zieme IV', 'Aut error natus a dolor. Aspernatur harum autem temporibus quam est unde error est. Voluptas consequatur deserunt cumque deserunt sed.', 0, '2017-11-13 05:53:28', '2017-11-13 05:53:28'),
(116, 40, 'Dr. Asha Bergstrom MD', 'Quae vitae suscipit vitae neque culpa fugiat. Unde quia harum ullam eveniet repellat ullam sed.', 1, '2017-11-13 05:53:28', '2017-11-13 05:53:28'),
(117, 26, 'Edmond Rodriguez', 'Quo quia ab quibusdam aliquid dolor porro laborum. Illum et voluptate et est quibusdam nihil adipisci. Voluptatem minus quidem mollitia ea officia vel. Animi sed impedit eius quos.', 2, '2017-11-13 05:53:28', '2017-11-13 05:53:28'),
(118, 18, 'Leora Anderson', 'Voluptate ea autem ad minima et et non. Nihil dolorem voluptatem quae voluptates sunt. Veritatis nobis non sed soluta sint quia. Earum cupiditate dolor aliquid quas minima sunt veniam.', 0, '2017-11-13 05:53:28', '2017-11-13 05:53:28'),
(119, 29, 'Ethan West', 'Eveniet eius accusamus et ab. Quia totam non voluptas explicabo. Nisi sed sint voluptatem odit molestiae voluptas ea qui.', 4, '2017-11-13 05:53:28', '2017-11-13 05:53:28'),
(120, 2, 'Melvin Pacocha', 'Facere harum praesentium at consequatur. Sapiente ut aspernatur tempore asperiores voluptatum. Quis omnis repudiandae itaque ducimus quia voluptate debitis.', 4, '2017-11-13 05:53:28', '2017-11-13 05:53:28'),
(121, 27, 'Magnolia Hessel', 'Laudantium officia cumque ut ut id similique rem pariatur. Voluptatem quas in sed dignissimos perferendis commodi nihil vero. Facilis dolorem ducimus quo vitae ratione est. Autem aut voluptatum error rem architecto ut voluptate. Ut aliquam ut quam voluptas exercitationem.', 2, '2017-11-13 05:53:28', '2017-11-13 05:53:28'),
(122, 18, 'Lue Haley', 'Et et eligendi mollitia aut. Error accusantium et quia quisquam. Rerum aut sit nobis inventore dolores qui quidem.', 0, '2017-11-13 05:53:28', '2017-11-13 05:53:28'),
(123, 24, 'Barton Morar', 'Id velit non totam quisquam. Cum praesentium non autem et veniam aut. Sed sapiente in unde tempore omnis natus mollitia. Laborum et et fugit earum dolores magni voluptatum.', 2, '2017-11-13 05:53:28', '2017-11-13 05:53:28'),
(124, 10, 'Johnpaul Windler V', 'Laborum magni molestiae id eligendi sed sint fugit. Voluptatem assumenda unde saepe molestiae quia id est. Occaecati commodi laudantium perferendis pariatur. Ut enim aspernatur et quia quisquam inventore recusandae.', 2, '2017-11-13 05:53:28', '2017-11-13 05:53:28'),
(125, 22, 'Mr. Nikolas Fadel', 'Rem veniam consequatur nesciunt eum voluptas modi est. Et amet qui ducimus ipsam est libero. Natus repellat eos necessitatibus placeat.', 3, '2017-11-13 05:53:28', '2017-11-13 05:53:28'),
(126, 24, 'Albert Langosh II', 'Sapiente eum itaque laboriosam accusantium sed illum. Tempore cumque mollitia atque optio dicta. Aut provident vero harum dignissimos incidunt nisi. Ullam labore facere animi quis ut odio voluptas. Eveniet vel molestias accusamus architecto.', 2, '2017-11-13 05:53:28', '2017-11-13 05:53:28'),
(127, 28, 'Mr. Norris Rempel Sr.', 'Magni dolorem sint qui consequatur dolores velit voluptatum. Accusamus consequatur quia voluptatem voluptate recusandae omnis commodi. Culpa iusto doloribus ducimus soluta eveniet.', 4, '2017-11-13 05:53:28', '2017-11-13 05:53:28'),
(128, 24, 'Sister Ratke', 'Laboriosam occaecati est vero soluta. Aperiam quam corrupti et fugiat commodi rerum ut. Dolorum quibusdam dolor assumenda ut.', 1, '2017-11-13 05:53:28', '2017-11-13 05:53:28'),
(129, 48, 'Bessie Runolfsson', 'In veniam quos odit blanditiis in incidunt sapiente nobis. Vel quo eius culpa sed a. Rerum et vel harum. Voluptatem consequatur laudantium quia sapiente. Aperiam natus et consectetur nam.', 5, '2017-11-13 05:53:29', '2017-11-13 05:53:29'),
(130, 13, 'Carlotta Jacobson III', 'Corrupti tenetur culpa eos quas nesciunt sapiente adipisci. Voluptas modi in inventore voluptatum enim voluptate. Qui tenetur rerum non aut eaque.', 4, '2017-11-13 05:53:29', '2017-11-13 05:53:29'),
(131, 32, 'Vicenta Sauer', 'Soluta ut itaque necessitatibus est. Quo consequatur nihil odio consequatur expedita dolorem. Natus dicta enim harum quia.', 4, '2017-11-13 05:53:29', '2017-11-13 05:53:29'),
(132, 31, 'Colten Tremblay', 'Praesentium et dolorem laborum mollitia est quis ab. Nobis vel accusantium a ut. Doloribus velit eligendi nihil culpa aspernatur eaque distinctio ut. Consequatur voluptas doloribus vel similique harum qui animi quas.', 5, '2017-11-13 05:53:29', '2017-11-13 05:53:29'),
(133, 27, 'Natalie Reynolds', 'Consequuntur delectus explicabo mollitia. Sint eum aut asperiores quia. Minima ipsa quae magni laboriosam voluptatem vel.', 0, '2017-11-13 05:53:29', '2017-11-13 05:53:29'),
(134, 8, 'Judy Wolff', 'Molestias et sed culpa consequatur et nulla. Fugit nam voluptatem ut. Id porro temporibus placeat ut et aut ut.', 5, '2017-11-13 05:53:29', '2017-11-13 05:53:29'),
(135, 6, 'Prof. Angelita Gleichner III', 'Accusantium natus incidunt nihil omnis suscipit laborum ullam. Ea harum rerum aut sit enim est. Ipsum doloribus dolor itaque omnis qui eius. Unde qui et non.', 1, '2017-11-13 05:53:29', '2017-11-13 05:53:29'),
(136, 15, 'Hester Rohan', 'Dignissimos dolorem possimus voluptate ut sint aspernatur fugiat sed. Voluptatem qui adipisci debitis ex voluptas aut sunt. Minus ea eos nobis laudantium quae error. A qui labore at deserunt at perferendis.', 2, '2017-11-13 05:53:29', '2017-11-13 05:53:29'),
(137, 47, 'Adolf Aufderhar', 'Aut earum aut nemo sapiente non voluptas. Et accusamus itaque et iste. Officiis architecto placeat dolores et.', 2, '2017-11-13 05:53:29', '2017-11-13 05:53:29'),
(138, 49, 'Dr. Patrick Lemke', 'Et omnis autem dolorum non similique sed itaque et. Pariatur alias provident excepturi ad.', 3, '2017-11-13 05:53:29', '2017-11-13 05:53:29'),
(139, 21, 'Mrs. Amie Rowe', 'Ut laborum quam earum culpa modi ut ullam. Laboriosam repellendus dicta sunt. Adipisci aut distinctio qui atque ad maiores ut.', 0, '2017-11-13 05:53:29', '2017-11-13 05:53:29'),
(140, 50, 'Dedric Rath', 'Placeat impedit non at quaerat libero est. Aut reprehenderit magni architecto qui. Distinctio fugiat quia earum suscipit. Sunt in et incidunt recusandae illo magni excepturi provident.', 3, '2017-11-13 05:53:29', '2017-11-13 05:53:29'),
(141, 26, 'Prof. Rosalia Auer IV', 'Et recusandae doloremque libero praesentium. Reprehenderit animi qui repellendus aperiam qui voluptatem. Doloremque nihil quos ut dignissimos reprehenderit ducimus corrupti culpa. Voluptatum ut et voluptatibus consequatur quisquam nostrum. Debitis beatae velit minus ab ex fugiat consectetur.', 1, '2017-11-13 05:53:29', '2017-11-13 05:53:29'),
(142, 21, 'Maybelle Hane', 'Porro facilis sint odio consectetur maiores ratione et. Et explicabo ut dolorem perspiciatis vel minima. Voluptatem sint qui quo quia.', 1, '2017-11-13 05:53:29', '2017-11-13 05:53:29'),
(143, 29, 'Vito Runte', 'Dolor ab aut mollitia aut praesentium. Earum nam at architecto consequatur. Et qui qui ullam consequatur odit exercitationem.', 3, '2017-11-13 05:53:29', '2017-11-13 05:53:29'),
(144, 26, 'Hyman Raynor', 'Illum in vero ut ipsam. Sed eum aut labore tempora est voluptatem. Quod enim non accusantium temporibus mollitia.', 5, '2017-11-13 05:53:29', '2017-11-13 05:53:29'),
(145, 45, 'Ofelia Sipes', 'Voluptas sit vel facere nam molestiae saepe. Rerum corrupti numquam nihil saepe ut voluptatem odio qui. In nihil minus earum consectetur et aut eos. Numquam iste consequatur voluptas aut reprehenderit et tempora. Veniam quos sed laudantium temporibus.', 2, '2017-11-13 05:53:29', '2017-11-13 05:53:29'),
(146, 28, 'Paolo Heaney MD', 'Et tempore accusantium ut natus nulla numquam soluta. Voluptatem repellat sunt quos corrupti voluptas earum. Iure dolorem in nihil ipsam molestias voluptatem.', 5, '2017-11-13 05:53:30', '2017-11-13 05:53:30'),
(147, 44, 'Vena Okuneva', 'Accusantium omnis dolorum rerum enim. Dolor voluptatum et totam maiores minima et dolores. Id voluptatem ut autem. Atque aut nam quia omnis id.', 4, '2017-11-13 05:53:30', '2017-11-13 05:53:30'),
(148, 39, 'Johanna Robel', 'Sint nemo et architecto voluptatum debitis. Delectus eos dolores consequuntur iste voluptatem est quia. Quia voluptatum nemo delectus fugiat. Incidunt sit eum porro est accusamus harum illo.', 2, '2017-11-13 05:53:30', '2017-11-13 05:53:30'),
(149, 41, 'Prof. Dennis Wunsch', 'At eaque deleniti placeat est. Voluptatem consectetur ducimus optio iusto earum unde aut modi. Et iste ut dolorum eum enim et provident.', 5, '2017-11-13 05:53:30', '2017-11-13 05:53:30'),
(150, 25, 'Miss Bridgette Bergstrom', 'Suscipit maiores facere praesentium asperiores. Necessitatibus dicta sit non amet. Necessitatibus blanditiis iusto dolore fuga voluptas pariatur facilis minus. Sit nulla ut sed qui.', 5, '2017-11-13 05:53:30', '2017-11-13 05:53:30'),
(151, 14, 'Garett Ondricka', 'Dolorem ut recusandae et quam consequatur doloribus sit. Commodi nemo perferendis qui temporibus quae unde qui. Excepturi commodi nobis quod nesciunt quia non voluptates. Inventore beatae rerum velit consequatur ab.', 1, '2017-11-13 05:53:30', '2017-11-13 05:53:30'),
(152, 25, 'Hailee Robel', 'Sequi voluptas est et error consequatur modi ipsum. Provident at eius eligendi a et consectetur. Natus est reiciendis molestiae hic nisi accusamus. Quas quae aut est qui soluta.', 0, '2017-11-13 05:53:30', '2017-11-13 05:53:30'),
(153, 11, 'Mrs. Alexa Farrell', 'Voluptatum nobis voluptatem a nam est consequuntur. Et perferendis a vel eius consequatur consequatur omnis. Rerum soluta eos aliquid eos fugiat totam.', 0, '2017-11-13 05:53:30', '2017-11-13 05:53:30'),
(154, 9, 'Lowell Greenfelder IV', 'Neque doloremque voluptatem qui aut maxime voluptas aut. Sint adipisci est deleniti laboriosam est quidem ratione. Quo aspernatur porro assumenda nisi perferendis. Non quia cumque dolores distinctio enim eaque. Laboriosam nihil sed impedit et sed quia corporis amet.', 5, '2017-11-13 05:53:30', '2017-11-13 05:53:30'),
(155, 4, 'Pete Johns V', 'Quisquam dolores adipisci dolorum reprehenderit rerum. Soluta enim magni aspernatur libero fugiat velit. Eos quo porro commodi assumenda non aut laudantium.', 5, '2017-11-13 05:53:30', '2017-11-13 05:53:30'),
(156, 13, 'Giovanna Mertz', 'Vero voluptatem sunt tenetur alias et sed doloribus. Veritatis et vitae et qui eos aut eos. Quod necessitatibus minima pariatur amet molestiae eaque. Corporis iste ut corrupti expedita perferendis a cupiditate.', 5, '2017-11-13 05:53:30', '2017-11-13 05:53:30'),
(157, 25, 'Jaquan Dooley', 'A dolorem eveniet et itaque odit magni. Culpa qui odio assumenda est molestiae consequuntur amet explicabo. Quas porro consequatur deleniti quisquam.', 1, '2017-11-13 05:53:30', '2017-11-13 05:53:30'),
(158, 21, 'Ms. Constance Maggio DDS', 'Minima maiores laborum error. Laudantium laborum saepe dolorem. Hic culpa omnis quaerat cum excepturi eum maiores. Pariatur ex aut excepturi culpa et maxime.', 1, '2017-11-13 05:53:30', '2017-11-13 05:53:30'),
(159, 18, 'Miss Stacy Smitham', 'Magni debitis vel dicta sed aut alias qui. Et magnam soluta vitae provident aut esse. Impedit blanditiis ducimus voluptas sed voluptas velit et ut.', 3, '2017-11-13 05:53:30', '2017-11-13 05:53:30'),
(160, 43, 'Kathleen Runte', 'Quae eum qui minus enim dolores. Minus inventore illum voluptas. Ut sunt odio omnis quas.', 2, '2017-11-13 05:53:30', '2017-11-13 05:53:30'),
(161, 38, 'Stephany Will', 'Ratione aut occaecati dignissimos est. Corporis exercitationem rerum et dolores voluptatem. Vitae est consequuntur et nobis reiciendis.', 1, '2017-11-13 05:53:30', '2017-11-13 05:53:30'),
(162, 14, 'Anika Brakus', 'Laborum exercitationem ea sunt nam est optio iure. Incidunt soluta odit eveniet deserunt. Voluptatem dolore consequatur sit culpa.', 5, '2017-11-13 05:53:30', '2017-11-13 05:53:30'),
(163, 5, 'Sammy Cassin', 'Commodi totam eligendi cum voluptas esse iure veritatis. Animi et ipsum nam et non quia. Iste eveniet expedita provident ea autem vel.', 5, '2017-11-13 05:53:30', '2017-11-13 05:53:30'),
(164, 38, 'Macy Vandervort', 'Consectetur dolore odit dolores quo omnis repellendus qui. Aut saepe dolores reprehenderit modi repellat aut distinctio. Sed est deserunt mollitia ut distinctio eveniet ratione minus. Minima repellat maxime cum.', 5, '2017-11-13 05:53:31', '2017-11-13 05:53:31'),
(165, 14, 'Jake Jast IV', 'At cum doloremque molestiae impedit neque mollitia voluptatem. Delectus hic sed debitis eius hic excepturi ea. Laborum culpa veniam amet ipsam eum ut.', 5, '2017-11-13 05:53:31', '2017-11-13 05:53:31'),
(166, 16, 'Bailey Larkin', 'Minima magnam ipsa ratione nemo laborum. Deserunt culpa corporis est cumque veritatis. Dolorum aut quia eos ipsum quos qui voluptas et. Rerum impedit sit harum occaecati sed impedit unde molestias.', 1, '2017-11-13 05:53:31', '2017-11-13 05:53:31'),
(167, 11, 'Lauriane Strosin MD', 'Repellat harum et eos. Voluptatem aperiam quibusdam fugit consectetur fugit. Aut omnis iusto asperiores perspiciatis. Nihil cumque perferendis sit laudantium. Possimus quam et voluptatem consequatur.', 0, '2017-11-13 05:53:31', '2017-11-13 05:53:31'),
(168, 44, 'Donato Padberg', 'Quia ad eos voluptatem odio ratione eum. Cumque voluptatem recusandae voluptate omnis doloribus voluptates.', 3, '2017-11-13 05:53:31', '2017-11-13 05:53:31'),
(169, 3, 'Korey Lemke', 'Fuga exercitationem sit quasi possimus voluptate iusto. Magnam et id eaque voluptas. Sint nam deleniti qui voluptates explicabo quisquam amet.', 2, '2017-11-13 05:53:31', '2017-11-13 05:53:31'),
(170, 11, 'Elenor Bergstrom', 'Alias et eligendi repellat delectus. Temporibus asperiores odit deleniti. Repellat non rem quibusdam fugiat fuga sint.', 0, '2017-11-13 05:53:31', '2017-11-13 05:53:31'),
(171, 8, 'Dr. Reagan Farrell', 'Modi vero quos aut ipsa sequi. Sit rerum et ducimus vel atque perspiciatis ducimus. At quia libero dignissimos est et officia illo.', 1, '2017-11-13 05:53:31', '2017-11-13 05:53:31'),
(172, 41, 'Miss Dessie Funk', 'Architecto iusto et ipsam aut aut voluptatem consequatur. Voluptas voluptas ratione blanditiis ullam.', 3, '2017-11-13 05:53:31', '2017-11-13 05:53:31'),
(173, 41, 'Sarai Christiansen', 'Atque eos harum voluptatem quisquam dolore eveniet dolores. Nisi fugiat consequatur voluptate est est a ut nostrum. Ut exercitationem eum sint et ut distinctio.', 3, '2017-11-13 05:53:31', '2017-11-13 05:53:31'),
(174, 19, 'Queen Collins', 'Quaerat voluptatibus fuga esse in laudantium ut. Aut magnam voluptas cum ducimus minima optio rerum non. Ut et amet ducimus voluptates. Dolorum quia occaecati tempore dicta.', 5, '2017-11-13 05:53:31', '2017-11-13 05:53:31'),
(175, 20, 'Brandyn McCullough Sr.', 'Aut facere repellat officia optio. Amet consequuntur et quia in. Numquam sunt ab iusto veritatis distinctio vitae dignissimos.', 2, '2017-11-13 05:53:31', '2017-11-13 05:53:31'),
(176, 13, 'Adan Anderson Sr.', 'At corrupti quos provident repudiandae cum maxime consequatur fuga. Tempore est animi iusto ut rem. Error dolore totam ut laborum ipsam necessitatibus velit aperiam.', 5, '2017-11-13 05:53:31', '2017-11-13 05:53:31'),
(177, 22, 'Lurline Shields', 'Occaecati asperiores optio sint aliquid. Consequatur eligendi voluptatem magnam in. Adipisci sunt repudiandae quas est sit est. Qui suscipit quod inventore facere nihil consequatur et voluptas.', 3, '2017-11-13 05:53:31', '2017-11-13 05:53:31'),
(178, 15, 'Kaitlyn Ankunding', 'Et repellendus quia iure vero. Quam voluptates porro ut voluptate voluptatem. Occaecati perspiciatis voluptate quibusdam molestiae reprehenderit quas ut. Labore aut maxime dolorem amet dolore qui eos.', 3, '2017-11-13 05:53:31', '2017-11-13 05:53:31'),
(179, 13, 'Prof. Nathan Huels IV', 'Qui et omnis dolorem. Doloribus sint possimus numquam possimus sed qui sequi tempore. Consequatur odit qui tempore occaecati.', 0, '2017-11-13 05:53:32', '2017-11-13 05:53:32'),
(180, 3, 'Mr. Ludwig Runolfsdottir DVM', 'A eos dicta adipisci ab ex nam explicabo. Id cum atque asperiores iste porro perspiciatis. Ipsa aut eligendi dolores eligendi minus aliquam. Vero aspernatur qui natus id enim illum.', 1, '2017-11-13 05:53:32', '2017-11-13 05:53:32'),
(181, 10, 'Merl Little PhD', 'Voluptatem earum eum accusamus eos. Reprehenderit porro quidem totam.', 5, '2017-11-13 05:53:32', '2017-11-13 05:53:32'),
(182, 43, 'Emily O\'Hara', 'Et consequatur sit et fuga nostrum facilis. Voluptatem cum omnis corporis exercitationem exercitationem nostrum. Quia nihil et illo ea eius.', 5, '2017-11-13 05:53:32', '2017-11-13 05:53:32'),
(183, 16, 'Miles Jacobs DDS', 'Recusandae in dolorem expedita et. Qui esse illum mollitia unde enim nam totam consequatur. Libero aut exercitationem et enim quasi corrupti.', 3, '2017-11-13 05:53:32', '2017-11-13 05:53:32'),
(184, 40, 'Janae Johnston', 'Et facilis vel hic velit quas non veniam nihil. Ea et quaerat accusantium. Nulla nam rem iure id ad magni eos accusantium. Voluptatem consectetur porro sapiente voluptates ut ex.', 5, '2017-11-13 05:53:32', '2017-11-13 05:53:32'),
(185, 19, 'Deontae Denesik', 'Et cum fugit sunt. Minima nesciunt a doloremque exercitationem est.', 5, '2017-11-13 05:53:32', '2017-11-13 05:53:32'),
(186, 49, 'Aylin Pouros', 'Alias omnis repellendus ex amet. Omnis ea et est natus odio ex. Sint dignissimos non aperiam quia dicta. Quas ut cumque non ex eligendi consectetur.', 0, '2017-11-13 05:53:32', '2017-11-13 05:53:32'),
(187, 12, 'Adell Miller', 'Cupiditate consequatur et et ea voluptates. Accusantium nihil quis numquam recusandae reiciendis.', 5, '2017-11-13 05:53:32', '2017-11-13 05:53:32'),
(188, 5, 'Prof. Gonzalo Dickinson', 'Necessitatibus doloribus mollitia id sed. Quidem facere quod suscipit nostrum dolorem doloribus. Reprehenderit asperiores consequuntur distinctio ullam cum harum non. Deserunt error perspiciatis aut assumenda.', 1, '2017-11-13 05:53:32', '2017-11-13 05:53:32'),
(189, 3, 'Erich Legros', 'Illo sapiente qui dolor est amet optio eum. Corrupti et atque reprehenderit. Praesentium dolores deleniti ut doloribus. Perspiciatis mollitia est dolores vel voluptatem assumenda et.', 0, '2017-11-13 05:53:32', '2017-11-13 05:53:32'),
(190, 41, 'Mikayla Skiles DVM', 'Est ut voluptates nam consequatur ut fuga. Aliquid ipsa consectetur delectus tempore alias asperiores. Suscipit quos veniam velit alias tempora amet maxime.', 4, '2017-11-13 05:53:32', '2017-11-13 05:53:32'),
(191, 47, 'Alverta Reynolds', 'Aut aut quas totam qui vero quia ipsum. Amet aut quos eveniet nostrum libero corrupti. Dolor adipisci et voluptatem exercitationem harum exercitationem.', 5, '2017-11-13 05:53:32', '2017-11-13 05:53:32'),
(192, 37, 'Baron Armstrong', 'Quis deserunt quaerat dicta voluptatibus modi omnis. Odio corrupti beatae inventore laborum. Et voluptatum non velit quasi sequi.', 2, '2017-11-13 05:53:32', '2017-11-13 05:53:32'),
(193, 6, 'Dr. Corbin Robel II', 'Repellendus eveniet cupiditate ex non. Officiis maiores et deleniti ipsa aut aut. Sint mollitia dolorum velit voluptas qui. Dolores quia architecto temporibus rerum delectus voluptatem possimus id.', 4, '2017-11-13 05:53:32', '2017-11-13 05:53:32'),
(194, 29, 'Prince Spencer IV', 'Accusamus deleniti rerum rerum officia ut natus qui aut. Minus laborum impedit nesciunt consequuntur et. Ipsum id aut fugiat possimus modi fugiat sunt autem. Molestias expedita labore beatae incidunt cupiditate.', 1, '2017-11-13 05:53:32', '2017-11-13 05:53:32'),
(195, 19, 'Mr. Steve Treutel II', 'Fugit quaerat ut dolorum enim harum. Dolore officiis reprehenderit commodi accusantium numquam. Eaque rerum deserunt aliquam et laudantium cumque eaque. Earum est dolores placeat est occaecati dolor.', 2, '2017-11-13 05:53:32', '2017-11-13 05:53:32'),
(196, 23, 'Yvonne Hackett DDS', 'Aut dolorem sunt eligendi sit. Voluptates quidem beatae nihil quasi rerum itaque. Dolorem perspiciatis veniam vel harum velit incidunt eius. Sit qui quia omnis animi magni.', 2, '2017-11-13 05:53:33', '2017-11-13 05:53:33'),
(197, 20, 'Makenna Wiza', 'Non et quaerat autem. Aut et ullam non id magnam nostrum. In omnis cum dolor dolores iure id magnam.', 1, '2017-11-13 05:53:33', '2017-11-13 05:53:33'),
(198, 6, 'Leanna Rodriguez', 'Blanditiis tenetur dolorem consequatur dolore nihil ipsa harum. A ut iste error totam soluta. Rerum vel quod sit ipsa voluptatem delectus voluptatem. Eaque dolorum vero occaecati inventore assumenda.', 0, '2017-11-13 05:53:33', '2017-11-13 05:53:33'),
(199, 50, 'Margret White', 'Adipisci itaque sit libero dolores ut. Totam magni molestias necessitatibus quasi tenetur. Corporis iure vel pariatur asperiores eum maxime reprehenderit. Possimus aut quaerat perspiciatis ut animi voluptas assumenda architecto.', 2, '2017-11-13 05:53:33', '2017-11-13 05:53:33'),
(200, 3, 'Miss Velda Lesch V', 'Quas et explicabo a rerum libero et asperiores. Ex harum fugiat amet officiis quidem qui. Dolor amet esse nostrum quibusdam eum id voluptatem omnis.', 5, '2017-11-13 05:53:33', '2017-11-13 05:53:33'),
(201, 47, 'Blake Reilly', 'Ad nostrum odit eaque ab nesciunt quia ad. Quaerat ducimus cum eveniet neque nobis fuga suscipit doloribus. Omnis reprehenderit quos autem incidunt.', 1, '2017-11-13 05:53:33', '2017-11-13 05:53:33'),
(202, 33, 'Cassandre Johnson', 'Ad enim enim suscipit eaque quis et. Hic voluptatum magnam quis quasi culpa delectus. Dicta deserunt incidunt impedit laborum velit sequi porro. Odio iure eaque laboriosam velit quis.', 3, '2017-11-13 05:53:33', '2017-11-13 05:53:33'),
(203, 33, 'Mabelle Aufderhar', 'Explicabo ea nulla repellendus sed consequatur ipsa harum. Autem iure ut natus cum.', 5, '2017-11-13 05:53:33', '2017-11-13 05:53:33'),
(204, 47, 'Hyman Murphy', 'Ad cum ea aut reiciendis et velit quas officia. Fugiat recusandae aut sint ex minus. Quam illo ea sit vitae unde quia.', 3, '2017-11-13 05:53:33', '2017-11-13 05:53:33'),
(205, 10, 'Emma Swift', 'Saepe temporibus sed quod labore. Ab est eaque nostrum voluptas doloribus ipsum accusamus. Voluptas fuga eligendi ut. Dolor et commodi consequatur.', 5, '2017-11-13 05:53:33', '2017-11-13 05:53:33'),
(206, 38, 'Catherine Goyette', 'Earum et aut velit aliquid veritatis cum expedita. Voluptates qui alias quis quaerat quam optio. Ullam magnam quia velit.', 2, '2017-11-13 05:53:33', '2017-11-13 05:53:33'),
(207, 42, 'Dr. Gracie Emmerich', 'Necessitatibus quos non rerum consequuntur quidem. Incidunt possimus beatae omnis ullam voluptas. Accusantium tempora quis ratione et libero mollitia impedit.', 0, '2017-11-13 05:53:33', '2017-11-13 05:53:33'),
(208, 26, 'Mauricio Bogan', 'Ut accusamus officia molestias qui. Omnis totam repellendus enim ut. Perspiciatis facere non accusamus id aperiam voluptatum.', 5, '2017-11-13 05:53:33', '2017-11-13 05:53:33'),
(209, 48, 'Hipolito Mann', 'Ad sed voluptatibus itaque dolor assumenda magnam. Qui hic dolor tenetur omnis ad corporis. Aperiam ullam ut iste quo. Repellat nihil aperiam suscipit possimus provident ullam quod.', 3, '2017-11-13 05:53:33', '2017-11-13 05:53:33'),
(210, 25, 'Lucienne McGlynn', 'Optio modi hic exercitationem laboriosam earum beatae hic voluptatem. Non dolores quidem corporis velit est molestias harum distinctio. Quia nostrum quidem repudiandae est quis quia quia nesciunt.', 2, '2017-11-13 05:53:34', '2017-11-13 05:53:34'),
(211, 26, 'Dr. Alessandra Eichmann', 'Autem sequi repellendus iure deserunt. Quis excepturi ut laudantium corrupti asperiores molestias. Incidunt aut rerum id. Mollitia eaque maxime dolore at.', 3, '2017-11-13 05:53:34', '2017-11-13 05:53:34'),
(212, 27, 'Ms. Adelia Olson PhD', 'Iusto facere ducimus quo voluptatem quod est. Beatae porro quia aspernatur iusto et voluptatum aut. Omnis repellendus neque facilis placeat.', 1, '2017-11-13 05:53:34', '2017-11-13 05:53:34');
INSERT INTO `reviews` (`id`, `product_id`, `customer`, `review`, `star`, `created_at`, `updated_at`) VALUES
(213, 17, 'Dr. Rosemarie Wisoky', 'At nihil incidunt assumenda. Consequatur voluptatem facere debitis sit facilis. Recusandae quia assumenda et deleniti eum cum. Explicabo unde odit nesciunt quis cumque sequi.', 1, '2017-11-13 05:53:34', '2017-11-13 05:53:34'),
(214, 39, 'Mr. Carmelo Quitzon PhD', 'Autem ex ut sit cumque. Dolor mollitia excepturi maxime culpa et sit repudiandae neque. Ipsa dolores doloribus molestias et.', 2, '2017-11-13 05:53:34', '2017-11-13 05:53:34'),
(215, 47, 'Austin Schmitt', 'Aut omnis est ut rerum eos sequi totam. Dolor vel maxime cum quod. Tempora veniam dolor quaerat deleniti. Magni architecto sunt sint blanditiis magnam.', 4, '2017-11-13 05:53:34', '2017-11-13 05:53:34'),
(216, 22, 'Roberta Huel DVM', 'Modi totam et laborum ut unde ab nulla. Itaque provident sit est. Ut saepe aliquam numquam saepe ut nam exercitationem.', 0, '2017-11-13 05:53:34', '2017-11-13 05:53:34'),
(217, 42, 'Oswaldo Smith', 'Et adipisci autem architecto voluptatum corrupti sunt. Deserunt modi ut id qui. Aut corrupti enim eaque quidem id quos.', 3, '2017-11-13 05:53:34', '2017-11-13 05:53:34'),
(218, 18, 'Micheal Homenick', 'Enim et maiores quidem omnis ea. Perspiciatis id dolores voluptate qui quia placeat. Omnis eius dolor at rerum ut.', 0, '2017-11-13 05:53:34', '2017-11-13 05:53:34'),
(219, 39, 'Morton Balistreri', 'At facere inventore necessitatibus sed. Earum quis animi et et mollitia. Libero dicta laborum omnis aperiam. Quos dignissimos tenetur autem recusandae rerum dolorem nostrum.', 0, '2017-11-13 05:53:34', '2017-11-13 05:53:34'),
(220, 40, 'Prof. Fidel Ankunding', 'Nihil sunt voluptatem incidunt. Voluptatem quasi voluptatem excepturi quisquam maiores dolorem. Consequuntur libero nisi libero. Fugit id quibusdam amet dolor quaerat est magni.', 5, '2017-11-13 05:53:34', '2017-11-13 05:53:34'),
(221, 47, 'Vincenza Macejkovic', 'Dignissimos rerum natus et consequatur quidem. Necessitatibus vel aut incidunt repudiandae harum cum vel ut. Aut cum tempore ut mollitia sit.', 4, '2017-11-13 05:53:34', '2017-11-13 05:53:34'),
(222, 28, 'Aniya Auer', 'Reprehenderit molestias commodi illum explicabo. Ea iusto qui voluptas natus dolores saepe aut. Cupiditate quas laudantium odit consequatur.', 4, '2017-11-13 05:53:34', '2017-11-13 05:53:34'),
(223, 3, 'Dr. Trystan Grant', 'Sequi ipsa accusamus autem sed ex repellendus. Tempora libero consequuntur dolore eum. Aut odit nostrum temporibus aut nisi.', 1, '2017-11-13 05:53:35', '2017-11-13 05:53:35'),
(224, 45, 'Miss Josie Greenholt', 'Sed unde suscipit culpa et qui. Nostrum sed earum rem aperiam. Tempora natus mollitia asperiores consequatur ut accusamus aperiam.', 0, '2017-11-13 05:53:35', '2017-11-13 05:53:35'),
(225, 10, 'Howard Abbott', 'Similique cumque qui tempore doloremque aliquam et aspernatur. Earum quia cum eum qui totam. Voluptatem doloribus ab totam molestias explicabo. Laudantium labore consectetur ratione fugiat sed culpa.', 3, '2017-11-13 05:53:35', '2017-11-13 05:53:35'),
(226, 43, 'Johnnie Simonis', 'Eligendi quos nemo modi asperiores est eaque. Natus minus omnis nisi molestiae ea distinctio dignissimos.', 2, '2017-11-13 05:53:35', '2017-11-13 05:53:35'),
(227, 16, 'Mrs. Geraldine McCullough V', 'Perferendis optio debitis est quo qui non. Pariatur magni repellat aut omnis eos quibusdam. Placeat sunt suscipit dolorum.', 3, '2017-11-13 05:53:35', '2017-11-13 05:53:35'),
(228, 47, 'Aleen Grant', 'Laboriosam ut explicabo sequi corporis omnis. Voluptatum eum maxime natus sunt et voluptatem sequi architecto. Eligendi consequatur qui exercitationem quia maxime saepe aut vel. Ut quia rem ut dolor similique omnis voluptas. Minima ratione ea facilis ea laudantium.', 2, '2017-11-13 05:53:35', '2017-11-13 05:53:35'),
(229, 46, 'Prof. Michel Moen', 'Maxime illum pariatur quisquam doloribus nemo. Ducimus enim ut blanditiis numquam ut accusantium. Voluptas aperiam doloremque temporibus natus qui autem neque. Possimus a quaerat dolor accusamus. Aut eveniet nam occaecati maiores.', 5, '2017-11-13 05:53:35', '2017-11-13 05:53:35'),
(230, 46, 'Mrs. Ella Emmerich', 'Molestias et ab iste incidunt nemo assumenda. Libero dolor asperiores voluptas aut aperiam omnis. Ipsam enim qui totam hic quasi. Eius nihil dolorum rerum qui.', 1, '2017-11-13 05:53:35', '2017-11-13 05:53:35'),
(231, 25, 'Conner Casper Sr.', 'Odit qui eligendi sunt et. Dicta repellendus libero autem quis consequuntur non iure. Reiciendis ipsum necessitatibus ut et consequatur nam. Natus quis cupiditate totam consequuntur amet.', 1, '2017-11-13 05:53:35', '2017-11-13 05:53:35'),
(232, 22, 'Florencio Rice', 'Quod repellat distinctio aut natus maiores tenetur. Mollitia aliquam quisquam quae. Ut accusamus debitis iusto fugit eos.', 0, '2017-11-13 05:53:35', '2017-11-13 05:53:35'),
(233, 18, 'Logan Balistreri III', 'Nemo reprehenderit ad consectetur pariatur quis consequuntur minus. Necessitatibus accusamus tenetur unde blanditiis mollitia et neque. Qui voluptates et eius nihil. Impedit atque unde ipsam.', 4, '2017-11-13 05:53:35', '2017-11-13 05:53:35'),
(234, 9, 'Guillermo Hayes', 'Consequatur esse veritatis dignissimos dolorem. Fugiat soluta autem voluptatem consequuntur. Ex consequatur itaque eos quas. Repellat distinctio expedita deleniti exercitationem ducimus omnis et.', 5, '2017-11-13 05:53:35', '2017-11-13 05:53:35'),
(235, 48, 'Heber Labadie', 'Fuga ut voluptas at quo rerum quam sint ut. Qui adipisci enim quidem aliquam minima ullam delectus itaque. Veritatis eligendi veniam esse.', 3, '2017-11-13 05:53:35', '2017-11-13 05:53:35'),
(236, 10, 'Lera Kuhn', 'Itaque quia libero voluptatem possimus. Tempora necessitatibus deleniti quidem. Ea quos consequuntur quo deleniti quia.', 3, '2017-11-13 05:53:35', '2017-11-13 05:53:35'),
(237, 38, 'Breana Sawayn', 'Voluptatem id est excepturi quasi velit rerum fugiat. Fugiat tempora tempore id et temporibus. Eos consequatur ut voluptatem reprehenderit consectetur quo. Similique aut voluptas aliquam perspiciatis ea est delectus.', 5, '2017-11-13 05:53:35', '2017-11-13 05:53:35'),
(238, 28, 'Dejon Harris', 'Omnis blanditiis labore voluptas quibusdam dolorem unde est. Ea commodi dolorem doloribus veritatis dolore. Ad nam aperiam voluptas sint ut.', 1, '2017-11-13 05:53:36', '2017-11-13 05:53:36'),
(239, 35, 'Hortense Lakin', 'At quae maxime perspiciatis voluptates maxime enim nam. Rerum repellendus sed quo assumenda fugiat voluptatum error.', 5, '2017-11-13 05:53:36', '2017-11-13 05:53:36'),
(240, 42, 'Mr. Caesar Marks', 'Explicabo consectetur non est tenetur expedita nam amet. Et eveniet quia autem ut aut deserunt autem magni. Placeat ex facilis esse vero.', 4, '2017-11-13 05:53:36', '2017-11-13 05:53:36'),
(241, 14, 'Vaughn Ortiz', 'Quia architecto nam repudiandae voluptatem odio facilis maxime. Consequatur corporis ut qui saepe. Suscipit fugiat hic voluptatem sequi sed asperiores at. Quasi sit est facere id nemo voluptatem.', 5, '2017-11-13 05:53:36', '2017-11-13 05:53:36'),
(242, 28, 'Prof. Keshaun Kertzmann DVM', 'Impedit aperiam voluptatum consequatur. Ab est mollitia suscipit at quisquam ut itaque sed. Enim aspernatur voluptatem harum dolore nemo qui soluta.', 2, '2017-11-13 05:53:36', '2017-11-13 05:53:36'),
(243, 27, 'Prof. Henriette Hodkiewicz', 'Non qui impedit nihil reiciendis odio corrupti. Expedita consequatur quia est cum et ad deleniti. Corrupti nihil est aut inventore ut voluptatibus sapiente. Pariatur quidem quia quia modi aliquid.', 4, '2017-11-13 05:53:36', '2017-11-13 05:53:36'),
(244, 31, 'Virginia Waelchi', 'Quia est est sed. Debitis aperiam corporis rerum at tempora. Beatae sed et reiciendis aut dolores aut.', 0, '2017-11-13 05:53:36', '2017-11-13 05:53:36'),
(245, 43, 'Hilma Labadie', 'Consequatur dolor suscipit eveniet quam. Nesciunt in modi et ad id sed placeat voluptates. Commodi magni porro fuga praesentium qui soluta eligendi. Sequi perspiciatis nostrum vero voluptatem quia eum.', 1, '2017-11-13 05:53:36', '2017-11-13 05:53:36'),
(246, 44, 'Aida Kuhn Jr.', 'Quasi libero nisi ad consequatur nemo occaecati. Expedita in deleniti itaque officia perferendis.', 4, '2017-11-13 05:53:36', '2017-11-13 05:53:36'),
(247, 22, 'Prof. Johnathon Bechtelar', 'Recusandae ad beatae veritatis enim. Maiores voluptates neque blanditiis ut. Quas placeat eaque dolore molestiae accusamus ab.', 3, '2017-11-13 05:53:36', '2017-11-13 05:53:36'),
(248, 4, 'Micheal Becker', 'Vel blanditiis voluptatem id aliquid. Qui maiores nihil laudantium et non. A officiis vel voluptate suscipit. Blanditiis iste qui necessitatibus velit.', 5, '2017-11-13 05:53:36', '2017-11-13 05:53:36'),
(249, 29, 'Ms. Madalyn Armstrong', 'Consequuntur repellendus adipisci dolor illo. Unde minima accusantium ut nesciunt quidem eveniet. Nihil odit ratione qui.', 4, '2017-11-13 05:53:36', '2017-11-13 05:53:36'),
(250, 40, 'Billy Lindgren', 'Qui molestiae optio dignissimos quae assumenda. At quidem quod ducimus est sapiente officiis. A dolore qui saepe natus et autem ipsa.', 2, '2017-11-13 05:53:36', '2017-11-13 05:53:36'),
(251, 7, 'Mr. Zander Powlowski DVM', 'Modi consequatur quia rem autem voluptatem officiis optio. Voluptatem alias dolores dicta consequatur sit minus ea. Qui sunt dolores fuga culpa consequuntur. Repellendus aut est excepturi consequatur.', 4, '2017-11-13 05:53:36', '2017-11-13 05:53:36'),
(252, 30, 'Ferne Hauck', 'Voluptates eligendi et aut aut velit soluta. Debitis itaque maiores quia accusamus sunt. In fugit sit autem aspernatur quaerat nemo vitae. Et beatae quos amet vero ex voluptatum.', 1, '2017-11-13 05:53:36', '2017-11-13 05:53:36'),
(253, 36, 'Keaton Grant DVM', 'Tempore pariatur asperiores quae provident. Vero in magnam fugiat dicta dolores. Id autem non iure occaecati magnam.', 0, '2017-11-13 05:53:36', '2017-11-13 05:53:36'),
(254, 42, 'Odessa Simonis Sr.', 'Voluptatibus magni quibusdam nesciunt enim et. Voluptate explicabo maxime quod quia aspernatur. Et aut molestias voluptas recusandae et sapiente eos.', 2, '2017-11-13 05:53:36', '2017-11-13 05:53:36'),
(255, 17, 'Chad Purdy', 'Sit veniam ut possimus laudantium optio. Id porro quisquam rem non id ducimus sint.', 0, '2017-11-13 05:53:37', '2017-11-13 05:53:37'),
(256, 40, 'Dr. Perry Tillman MD', 'Deserunt qui dolor vero perferendis enim ratione ipsum. Fugit esse sit quia alias eaque sed quo. Repudiandae modi autem eum libero suscipit tenetur quo. Ducimus modi eos dolor consequuntur.', 0, '2017-11-13 05:53:37', '2017-11-13 05:53:37'),
(257, 1, 'Blake Bechtelar IV', 'Eos ut aut voluptatum dolorem provident. Enim nobis iure reiciendis aut qui tempora at. Iste cum ut placeat necessitatibus dignissimos sit.', 2, '2017-11-13 05:53:37', '2017-11-13 05:53:37'),
(258, 12, 'Ms. Felipa Lehner II', 'Quis aut ipsam debitis quidem harum rem voluptas dolor. In voluptas non corrupti deleniti quia voluptatum. Quia et qui et nesciunt.', 0, '2017-11-13 05:53:37', '2017-11-13 05:53:37'),
(259, 24, 'Dr. Eddie O\'Connell', 'Sequi dolor rerum ipsa laudantium. Quisquam quos aut ut modi vero quis. Labore dolorem beatae ex reiciendis voluptas nam.', 2, '2017-11-13 05:53:37', '2017-11-13 05:53:37'),
(260, 48, 'Marcelina Rutherford', 'Ex et sint enim consequatur numquam error. Voluptatibus et est quis dolor unde temporibus minus aliquid.', 0, '2017-11-13 05:53:37', '2017-11-13 05:53:37'),
(261, 15, 'Lacy Ferry', 'Impedit error labore voluptatem nostrum facere illo quibusdam. Sunt aperiam et nihil praesentium sint vel. Dicta praesentium consequatur qui et quisquam nemo earum. Nam error quae saepe optio ut voluptatem numquam.', 5, '2017-11-13 05:53:37', '2017-11-13 05:53:37'),
(262, 25, 'Xzavier Dooley I', 'Provident provident quia fugit qui doloremque unde. Nostrum sed occaecati praesentium aut velit ratione a. Ut quia deleniti exercitationem et reprehenderit. Consequatur exercitationem quis qui consequuntur.', 3, '2017-11-13 05:53:37', '2017-11-13 05:53:37'),
(263, 8, 'Mitchel Fadel', 'Corrupti doloribus quaerat modi odio. Magni dicta sequi iusto optio repellat. Sed ex dolore ut sit animi.', 1, '2017-11-13 05:53:37', '2017-11-13 05:53:37'),
(264, 50, 'Hobart Schaefer', 'Ipsam placeat debitis distinctio quo cum atque non qui. Delectus saepe molestias dolor. Voluptates maxime soluta totam consequatur autem. Reprehenderit ullam dolorum facere tempore.', 4, '2017-11-13 05:53:37', '2017-11-13 05:53:37'),
(265, 9, 'Howard Cartwright DVM', 'Nam ut facilis qui itaque dicta saepe nihil consequatur. Possimus fugit necessitatibus sequi deserunt atque autem. Quis eaque sit reiciendis reiciendis fuga. Occaecati atque praesentium esse labore maxime iure.', 5, '2017-11-13 05:53:37', '2017-11-13 05:53:37'),
(266, 30, 'Miss Margarett Leannon V', 'Magni sed veniam ut non. Voluptas nemo rerum minima consectetur distinctio incidunt sunt. Excepturi aperiam suscipit molestiae perferendis inventore a accusantium.', 2, '2017-11-13 05:53:37', '2017-11-13 05:53:37'),
(267, 8, 'Dr. Hipolito Homenick PhD', 'Qui quis necessitatibus aut impedit. Ut et vel laboriosam. Aliquam qui error ipsa in.', 2, '2017-11-13 05:53:37', '2017-11-13 05:53:37'),
(268, 25, 'Ally Ryan MD', 'Ducimus quaerat alias cumque sit. Temporibus et libero sed voluptas quis. Ea ut voluptates officia in provident expedita sequi.', 4, '2017-11-13 05:53:37', '2017-11-13 05:53:37'),
(269, 13, 'Prof. Leone Christiansen III', 'Nihil ducimus odit eius maiores inventore eum. Soluta voluptas autem sit. Sunt sunt sapiente quos aspernatur rerum harum dolorum.', 3, '2017-11-13 05:53:37', '2017-11-13 05:53:37'),
(270, 11, 'Dr. Calista Kunze IV', 'Et dolore eos aut laboriosam corrupti. Enim hic quo vitae commodi enim quibusdam et. Et nulla soluta ut sit dolores et.', 2, '2017-11-13 05:53:37', '2017-11-13 05:53:37'),
(271, 34, 'Philip Roberts', 'Error fugiat hic ut enim tempora quo doloribus vero. Sed voluptas numquam qui odit maxime doloribus unde. Cumque cumque est temporibus qui ex qui. Commodi autem et sed iure dolores et in.', 3, '2017-11-13 05:53:37', '2017-11-13 05:53:37'),
(272, 43, 'Suzanne Douglas', 'Suscipit minus voluptas maiores temporibus modi molestias. Deleniti libero sapiente vel. Sit nobis quisquam perferendis quaerat. Dolorem unde accusamus a cupiditate est omnis ex labore.', 3, '2017-11-13 05:53:37', '2017-11-13 05:53:37'),
(273, 50, 'Sylvester Effertz', 'Voluptatem nihil dolorem distinctio animi vero sunt et. Velit perferendis ad exercitationem blanditiis beatae. Incidunt perferendis dolor veritatis minima modi. Sit enim molestiae recusandae iusto.', 0, '2017-11-13 05:53:37', '2017-11-13 05:53:37'),
(274, 11, 'Ms. Icie Williamson Sr.', 'Consequatur eos cum modi voluptatem nihil doloremque veritatis. Ut deleniti voluptas beatae quia nobis similique veritatis. Non voluptatem ipsam laboriosam aspernatur. Culpa velit sunt iusto quibusdam.', 2, '2017-11-13 05:53:37', '2017-11-13 05:53:37'),
(275, 46, 'Amos Casper', 'Ipsum nobis odit maxime qui explicabo perferendis. Ipsum sed dolorum corporis omnis. Molestiae dolor culpa dolorem debitis. Tempore totam facere iusto enim. Totam et et tempore et quas.', 2, '2017-11-13 05:53:37', '2017-11-13 05:53:37'),
(276, 31, 'Jewell Kub', 'Autem ullam hic culpa qui neque officiis. Veritatis numquam similique praesentium qui quas earum error. Enim omnis et aut nemo est ut porro. Molestiae cupiditate iste quos ea libero autem.', 5, '2017-11-13 05:53:38', '2017-11-13 05:53:38'),
(277, 47, 'Mr. Kaleigh O\'Conner III', 'Sed officiis non non deleniti odit eveniet. Deleniti sint nisi error illo tempore iure fugiat et. Doloribus consequatur cumque illum dolorem.', 0, '2017-11-13 05:53:38', '2017-11-13 05:53:38'),
(278, 22, 'Pearl Rice', 'Aut dolor maiores nobis provident. Ut sint voluptatem blanditiis minima molestias quam. Qui similique sed rerum perferendis sunt. Et ad quo laudantium vel.', 0, '2017-11-13 05:53:38', '2017-11-13 05:53:38'),
(279, 17, 'Dr. Shaylee Bogan', 'Natus dolorem ab voluptatem dicta iusto eius. Accusamus a odio voluptate fugit officiis distinctio qui perferendis. Aut architecto suscipit velit sint a tempore iste quo. Mollitia distinctio quae et provident ullam cumque ut.', 4, '2017-11-13 05:53:38', '2017-11-13 05:53:38'),
(280, 18, 'Miss Rae Mosciski II', 'Itaque aut vitae ad voluptas. Ut aut saepe placeat dolorem dolor praesentium minima.', 2, '2017-11-13 05:53:38', '2017-11-13 05:53:38'),
(281, 17, 'Mr. Jordon Rutherford Sr.', 'Ut facere nihil esse ea ad libero. Magnam enim quod quis est.', 5, '2017-11-13 05:53:38', '2017-11-13 05:53:38'),
(282, 39, 'Ryann Runte', 'Atque harum in fugit sit cum in. Quis pariatur ut illum nemo in. Enim ut non laborum necessitatibus perspiciatis atque alias. Ut recusandae ut sit consequatur voluptatem non dolorem.', 5, '2017-11-13 05:53:38', '2017-11-13 05:53:38'),
(283, 27, 'Katlyn Bogan', 'Accusamus unde mollitia qui voluptatem nisi. Ad qui minus delectus impedit qui. Cupiditate ducimus tenetur doloremque eos quisquam consequatur. Aut enim eum debitis ad repellat aspernatur impedit.', 0, '2017-11-13 05:53:38', '2017-11-13 05:53:38'),
(284, 5, 'Prof. Kevon Upton DDS', 'Id quia consequatur impedit dolores illo eaque. Ullam ut voluptas fugit aut. Reprehenderit nam recusandae tenetur soluta.', 5, '2017-11-13 05:53:38', '2017-11-13 05:53:38'),
(285, 17, 'Kaelyn Hauck III', 'Et a est reprehenderit temporibus omnis velit aut. Fugit nulla quasi earum adipisci ipsam debitis vero. Similique consequatur qui natus eum aliquid veniam voluptatum.', 0, '2017-11-13 05:53:38', '2017-11-13 05:53:38'),
(286, 22, 'Mackenzie Medhurst', 'A totam omnis dolore maxime facilis mollitia. Minus inventore aperiam ad dolorum omnis. Ut alias ipsa et ullam.', 3, '2017-11-13 05:53:38', '2017-11-13 05:53:38'),
(287, 45, 'Marian Oberbrunner', 'Ea molestiae asperiores recusandae nesciunt omnis voluptas. Voluptatem fuga accusamus magnam reprehenderit ut consequuntur voluptatem. Deleniti ipsa corporis rerum.', 3, '2017-11-13 05:53:38', '2017-11-13 05:53:38'),
(288, 13, 'Dangelo Lang', 'Eum maxime corporis qui voluptatibus eveniet minus. Facere a deserunt et impedit. Vero itaque esse aperiam consequuntur quia rerum aut cupiditate.', 2, '2017-11-13 05:53:38', '2017-11-13 05:53:38'),
(289, 30, 'Marion O\'Hara', 'Voluptatem et et est laborum consequuntur eos dolorum. Fugiat cupiditate laudantium non a enim. Commodi aut deleniti temporibus quasi. Et corporis neque eum.', 2, '2017-11-13 05:53:38', '2017-11-13 05:53:38'),
(290, 19, 'Raul Grady', 'Laborum nobis ut occaecati ut saepe. Aut occaecati aperiam voluptatum laudantium nesciunt debitis. Sint similique voluptas aut vitae magnam. Repellendus ex eveniet et.', 2, '2017-11-13 05:53:38', '2017-11-13 05:53:38'),
(291, 39, 'Dax Nader', 'Asperiores voluptas illum qui deserunt consectetur dignissimos. Molestiae ea architecto quo in deserunt. Voluptas fuga voluptatem et.', 5, '2017-11-13 05:53:38', '2017-11-13 05:53:38'),
(292, 32, 'Karolann Collier', 'Praesentium qui ut et recusandae id cupiditate ratione. Omnis quas itaque minus tempora suscipit. Amet distinctio aut enim in molestiae quia.', 1, '2017-11-13 05:53:38', '2017-11-13 05:53:38'),
(293, 17, 'Robyn Purdy', 'Et illo facere vel amet ab. Voluptatum nemo consequatur tempora corporis quae sunt quasi. Debitis debitis consequatur magnam error et voluptatem. Enim ut velit cumque quasi totam error.', 2, '2017-11-13 05:53:39', '2017-11-13 05:53:39'),
(294, 18, 'Elliott Langosh', 'Ut omnis voluptatibus aperiam dolore accusamus. Ut praesentium assumenda quibusdam perferendis ex iusto. Amet tenetur soluta qui ea.', 2, '2017-11-13 05:53:39', '2017-11-13 05:53:39'),
(295, 4, 'Demarco Mitchell', 'Voluptas voluptatem nobis non. Quibusdam voluptatem qui nemo sint odio. Temporibus voluptates nihil debitis aut quidem sunt. Ea iure aliquid ut voluptatum.', 4, '2017-11-13 05:53:39', '2017-11-13 05:53:39'),
(296, 48, 'Georgette Smitham', 'Earum quis consequatur soluta dicta hic incidunt. Facere deleniti aperiam quibusdam. Nostrum aut aliquam tempora repudiandae molestias quasi est. Ut ut aspernatur hic temporibus labore rerum.', 5, '2017-11-13 05:53:39', '2017-11-13 05:53:39'),
(297, 47, 'Miss Dixie Hane', 'Sed sed sapiente eos non facere neque autem. Laborum molestias tempora aut quod ut.', 1, '2017-11-13 05:53:39', '2017-11-13 05:53:39'),
(298, 49, 'Prof. Janice Mosciski', 'Nam aut et quasi consequuntur sed cupiditate veritatis neque. Tenetur aliquid et sapiente quo voluptates. Omnis rerum sed cum accusantium soluta.', 0, '2017-11-13 05:53:39', '2017-11-13 05:53:39'),
(299, 11, 'Nicolas Brown', 'Cum debitis exercitationem atque assumenda dolore qui fuga. Amet minus omnis sed ipsam dolorem sit delectus. Quibusdam aperiam ut repellendus commodi. Doloremque dignissimos et laudantium molestiae voluptates.', 5, '2017-11-13 05:53:39', '2017-11-13 05:53:39'),
(300, 26, 'Miss Lillian Trantow PhD', 'Omnis est voluptatum asperiores voluptas. Voluptas quae quidem aut ut architecto vero. Iure quaerat dolorum et totam voluptatem officiis molestiae.', 2, '2017-11-13 05:53:39', '2017-11-13 05:53:39');

-- --------------------------------------------------------

--
-- Table structure for table `songs`
--

CREATE TABLE `songs` (
  `id` int(10) UNSIGNED NOT NULL,
  `name` varchar(255) COLLATE utf8mb4_unicode_ci NOT NULL,
  `artist` varchar(255) COLLATE utf8mb4_unicode_ci NOT NULL,
  `created_at` timestamp NULL DEFAULT NULL,
  `updated_at` timestamp NULL DEFAULT NULL
) ENGINE=InnoDB DEFAULT CHARSET=utf8mb4 COLLATE=utf8mb4_unicode_ci;

--
-- Dumping data for table `songs`
--

INSERT INTO `songs` (`id`, `name`, `artist`, `created_at`, `updated_at`) VALUES
(1, 'anah', 'ghgjshas', NULL, NULL),
(2, 'adhshwgrfbj', 'hsdbv', NULL, NULL);

--
-- Indexes for dumped tables
--

--
-- Indexes for table `migrations`
--
ALTER TABLE `migrations`
  ADD PRIMARY KEY (`id`);

--
-- Indexes for table `products`
--
ALTER TABLE `products`
  ADD PRIMARY KEY (`id`);

--
-- Indexes for table `reviews`
--
ALTER TABLE `reviews`
  ADD PRIMARY KEY (`id`),
  ADD KEY `reviews_product_id_index` (`product_id`);

--
-- Indexes for table `songs`
--
ALTER TABLE `songs`
  ADD PRIMARY KEY (`id`);

--
-- AUTO_INCREMENT for dumped tables
--

--
-- AUTO_INCREMENT for table `migrations`
--
ALTER TABLE `migrations`
  MODIFY `id` int(10) UNSIGNED NOT NULL AUTO_INCREMENT, AUTO_INCREMENT=4;
--
-- AUTO_INCREMENT for table `products`
--
ALTER TABLE `products`
  MODIFY `id` int(10) UNSIGNED NOT NULL AUTO_INCREMENT, AUTO_INCREMENT=51;
--
-- AUTO_INCREMENT for table `reviews`
--
ALTER TABLE `reviews`
  MODIFY `id` int(10) UNSIGNED NOT NULL AUTO_INCREMENT, AUTO_INCREMENT=301;
--
-- AUTO_INCREMENT for table `songs`
--
ALTER TABLE `songs`
  MODIFY `id` int(10) UNSIGNED NOT NULL AUTO_INCREMENT, AUTO_INCREMENT=3;
--
-- Constraints for dumped tables
--

--
-- Constraints for table `reviews`
--
ALTER TABLE `reviews`
  ADD CONSTRAINT `reviews_product_id_foreign` FOREIGN KEY (`product_id`) REFERENCES `products` (`id`) ON DELETE CASCADE;

/*!40101 SET CHARACTER_SET_CLIENT=@OLD_CHARACTER_SET_CLIENT */;
/*!40101 SET CHARACTER_SET_RESULTS=@OLD_CHARACTER_SET_RESULTS */;
/*!40101 SET COLLATION_CONNECTION=@OLD_COLLATION_CONNECTION */;
